city,year,population,sample_size,alpha_original,A,B,C,A_ci_lower_original,A_ci_upper_original,A_ci_lower,A_ci_upper,B_ci_lower,B_ci_upper,C_ci_lower,C_ci_upper
Antananarivo,2016,2757316,1157558,1.8085027289856628,6.101305282251707,-0.052884466,0.002329883197414973,1.8066676493648923,1.8103378086064332,6.090119168112314,6.112511942647436,-0.053544305,-0.052224628,0.002280977142385505,0.002378789252444441
Antananarivo,2023,3872264,1388524,1.8597770885922857,6.422305006806892,-0.066226125,0.0032105738412396803,1.8579955482850525,1.861558628899519,6.410873597353772,6.433756799928491,-0.066967271,-0.065484978,0.0031458770422969078,0.003275270640182453
Abidjan,2016,4658790,2230953,1.6486195464624371,5.1997967925209,-0.025415058,-0.000395081,1.6466259762739852,1.650613116650889,5.1894409586199775,5.210173292095955,-0.026254134,-0.024575981,-0.000475622,-0.000314539
Abidjan,2023,5686350,2926070,1.7285285160927402,5.632359880736348,-0.050717963,0.0003293390081298584,1.7267523747703166,1.7303046574151637,5.6223648924928105,5.6423726372663445,-0.051499579,-0.049936346,0.00025086992931700266,0.0004078080869427141
Yaounde,2016,3272870,1688897,1.7826659736502577,5.945686351268798,-0.041528686,0.0013726272748200256,1.7813499271705948,1.7839820201299206,5.937866698319023,5.953516302020018,-0.042049432,-0.041007939,0.0013304669566884886,0.0014147875929515627
Yaounde,2023,4509287,2189998,1.7465422124354264,5.734738844679529,-0.093002938,0.005096240130426469,1.7452586769488225,1.7478257479220303,5.7273828257315555,5.742104311400843,-0.093573612,-0.092432263,0.005041702512389047,0.005150777748463891
Lusaka,2016,2294091,1996955,1.551128788926402,4.716791440683515,-0.04148773,0.0031812185187324042,1.5493126557393784,1.5529449221134257,4.708232893295209,4.725365545656812,-0.042073932,-0.040901528,0.0031396420424141124,0.003222794995050696
Lusaka,2023,3181250,2694822,1.5867919799757222,4.888042809811687,-0.056595054,0.00345808563130308,1.5851635481037982,1.5884204118476462,4.880089442624723,4.896009139066323,-0.057178217,-0.056011891,0.003411901850366989,0.0035042694122391716
Hanoi,2016,3854847,3962536,2.574089142862339,13.119361850144857,-0.151091813,0.007480459671019268,2.5723838048917522,2.575794480832926,13.097007970109562,13.141753883623576,-0.151651629,-0.150531996,0.007439194686859241,0.007521724655179295
Hanoi,2023,5253385,4573868,2.649457336237715,14.14635984520471,-0.187870369,0.010461851701181031,2.6476411006283738,2.651273571847056,14.120690040974,14.172076314212237,-0.188548499,-0.187192239,0.010404341166378494,0.010519362235983569
Monterrey,2016,4554656,4152160,1.7726640233541078,5.886514303140995,-0.037178372,0.00163486847382077,1.771055807425574,1.7742722392826416,5.877055125314103,5.895988705607311,-0.037829746,-0.036526999,0.0015747946432483056,0.0016949423043932344
Monterrey,2023,5116647,4520128,1.8563594475965737,6.400393338364683,-0.061061881,0.003951818038335375,1.854678540623478,1.8580403545696693,6.389643909497638,6.411160851216159,-0.061766045,-0.060357717,0.003884543405125558,0.004019092671545192
Buenos Aires,2016,14792181,6474926,2.8071181095979774,16.56211916379459,-0.448956371,0.04239216257663829,2.805627106392769,2.8086091128031856,16.537443391435545,16.58683175525119,-0.44990207,-0.448010672,0.04225182416931064,0.04253250098396594
Buenos Aires,2023,15490415,6570975,2.863201907221173,17.51752673100054,-0.47120127,0.04614256969985652,2.86165793055413,2.864745883888216,17.490500947422014,17.5445942739878,-0.472201648,-0.470200892,0.045990905240338414,0.04629423415937463
Medan,2016,2237869,3562883,1.9860196855015635,7.2864735100498965,-0.064633221,0.0026772486654951726,1.9849257441789498,1.9871136268241771,7.278506893880913,7.294448845998103,-0.064940874,-0.064325568,0.0026581809447189723,0.0026963163862713728
Medan,2023,2439054,3951887,1.8504456557135345,6.362654444161702,-0.066063872,0.0032747674632001567,1.8492481439621633,1.8516431674649056,6.355039651007038,6.370278361582772,-0.066408745,-0.065719,0.0032526913828386265,0.003296843543561687
Cairo,2016,19229733,5003108,2.501945914333957,12.206223130302876,0.017906319207463293,-0.019629663,2.4998941469132268,2.5039976817546874,12.181204474362396,12.231293171403697,0.01629687478146103,0.019515763633465556,-0.019914727,-0.0193446
Cairo,2023,22183201,5304380,2.46883559123176,11.80868870247951,0.008849418954421895,-0.018925587,2.46682720565891,2.47084397680461,11.784996102357203,11.832428934293475,0.0071776767859514905,0.0105211611228923,-0.01924089,-0.018610284
Lagos,2016,12634381,4349435,1.7646398126929208,5.839468676751628,0.007588005787036296,-0.006289136,1.763262336453662,1.7660172889321797,5.831430484879661,5.847517948671404,0.006809600281663377,0.008366411292409214,-0.006388573,-0.006189699
Lagos,2023,15945912,4860304,1.7640206185538718,5.8358540311709906,-0.005183806,-0.011867911,1.762711552209592,1.7653296848981517,5.828219509206779,5.843498553775284,-0.00600903,-0.004358582,-0.011985651,-0.011750171
Onitsha,2016,1164996,2144884,1.900354619479434,6.688265811127884,-0.035262322,0.0009054060708842939,1.8987782973323417,1.9019309416265264,6.677731254712804,6.698816986492519,-0.035555822,-0.034968821,0.0008934398012264372,0.0009173723405421505
Onitsha,2023,1623382,2647491,2.005860795533193,7.432488997255315,-0.070109668,0.0025794669405597398,2.004315012621158,2.0074065784452277,7.421008857956978,7.443986896079457,-0.070441838,-0.069777499,0.002563645881539162,0.0025952879995803178
Johannesburg,2016,5146559,5896597,1.985871296153462,7.285392355213696,-0.083085143,0.0029441368727947817,1.984166727182085,1.9875758651248387,7.272984479504974,7.297821399038483,-0.083697011,-0.082473276,0.002892918014036291,0.0029953557315532723
Johannesburg,2023,6198016,6205373,2.0963034528963678,8.136039005298786,-0.104754952,0.00430070352935176,2.0945414229361865,2.098065482856549,8.121715683581103,8.15038758738669,-0.105443731,-0.104066173,0.00423789911019433,0.00436350794850919
Kinshasa,2016,12100142,2776264,2.0062067006203765,7.4350603777110535,-0.181326449,0.01726632125892664,2.004808194674042,2.007605206566711,7.4246696689889635,7.445465628066989,-0.182210182,-0.180442715,0.017136110289119207,0.017396532228734076
Kinshasa,2023,16315534,2732789,2.016345803948786,7.510828685394273,-0.17189975,0.01796773952386679,2.0152369082734936,2.0174546996240785,7.5025045760845614,7.519162030392559,-0.172699732,-0.171099767,0.017834080062568584,0.018101398985164996
Luanda,2016,7265449,3113025,1.933980377343219,6.916987741183106,-0.163260823,0.01602647875171561,1.9323806380042323,1.9355801166822055,6.905931209928206,6.928061974161303,-0.16398169,-0.162539957,0.015951926666945223,0.016101030836485997
Luanda,2023,9292336,2551240,1.8790592133878365,6.5473423118310174,-0.154851892,0.016335182475065477,1.877299644198686,1.880818782576987,6.53583193964618,6.5588729551411005,-0.155713205,-0.153990579,0.01623735809560023,0.016433006854530724
Alexandria,2016,4886344,1561332,2.6059413544094925,13.543968978568873,-0.027333022,-0.003767105,2.6025341025279753,2.6093486062910096,13.49789979401081,13.59019540016368,-0.028737175,-0.025928869,-0.003896124,-0.003638087
Alexandria,2023,5588477,1630860,2.656220419662864,14.242357109851026,-0.045907861,-0.002845622,2.6529002028997692,2.6595406364259584,14.195147812947363,14.289723412355723,-0.047357168,-0.044458554,-0.002987178,-0.002704066
Nairobi,2016,4065018,2901339,2.1866649806202463,8.90546364090849,-0.114368323,0.0056393546487014945,2.1849238402584388,2.188406120982054,8.889971469658821,8.920982809699247,-0.114956149,-0.113780497,0.005595026219266319,0.00568368307813667
Nairobi,2023,5325160,3418637,2.257135745791159,9.55568003538333,-0.173217333,0.010771335898164593,2.2551950699283205,2.2590764216539974,9.537153540560894,9.574242519037126,-0.173947355,-0.17248731,0.01070940710597362,0.010833264690355567
Dar es Salaam,2016,5409174,3100812,1.7934718473676385,6.010283070577432,-0.10838858,0.008523013732709096,1.7917623762520771,1.7951813184832,6.000017442169485,6.020566262788756,-0.109063316,-0.107713845,0.008462965144313725,0.008583062321104467
Dar es Salaam,2023,7775865,3862885,1.7607864881541586,5.817010605712601,-0.126397495,0.011144213118041998,1.759212810956658,1.7623601653516592,5.80786370778478,5.826171909237024,-0.1271056,-0.125689389,0.011071647166120547,0.01121677906996345
Kisumu,2016,315809,871146,1.6263801549956283,5.085432881566977,-0.021320718,0.00036844449351669127,1.6244354445753815,1.628324865415875,5.075552797315915,5.095332198415689,-0.021520934,-0.021120502,0.000364146874035297,0.0003727421129980855
Kisumu,2023,392258,1058283,1.6333697902781614,5.121102717012404,-0.018308826,0.00034944634785691856,1.6316387297529014,1.6351008508034215,5.1122454467004665,5.129975333073717,-0.01850311,-0.018114542,0.00034484279817501517,0.00035404989753882196
Accra,2016,2338452,3746231,1.7958326075415265,6.0244886688920785,-0.02249004,0.0006365910769624603,1.7946318783226287,1.7970333367604243,6.0172592304859736,6.0317267931097245,-0.022784265,-0.022195816,0.0006199337753479951,0.0006532483785769255
Accra,2023,2660072,4444852,1.6305345488210188,5.106603718076908,-0.026026736,0.0007307247731288875,1.6293137113283658,1.6317553863136718,5.100373188803481,5.112841858459089,-0.026336956,-0.025716516,0.0007124475480210153,0.0007490019982367596
Kano,2016,3660579,1958132,1.7360672748909116,5.674981337926237,-0.071268793,0.003609972015331037,1.7348803812254965,1.7372541685563267,5.668249734164078,5.681720936129596,-0.071743642,-0.070793944,0.0035699226156692917,0.0036500214149927826
Kano,2023,4348481,2457795,1.6844714724405137,5.389601626453256,-0.05458356,0.0029859034930271684,1.683286332904585,1.6856566119764422,5.38321797998593,5.39599284291726,-0.055079554,-0.054087567,0.0029409221815652658,0.003030884804489071
Algiers,2016,2625638,2165318,2.3782567896225815,10.786084052471091,-0.052753429,0.0005357143786653948,2.375406543122888,2.381107036122275,10.755384825120915,10.81687090500393,-0.053602763,-0.051904095,0.00047793835517544414,0.0005934904021553454
Algiers,2023,2901810,2321501,2.3515261153998974,10.501584130969006,-0.038070098,0.00023869987271944238,2.348717620173569,2.3543346106262257,10.472131859709,10.531119235055602,-0.038932439,-0.037207757,0.00017814066728867627,0.0002992590781502085
Kampala,2016,2706790,3197576,1.7893206696444217,5.985385031231913,-0.036102384,0.0013207050724622154,1.7881042954331856,1.7905370438556578,5.978108989327586,5.992669928910849,-0.036480289,-0.03572448,0.001294849129491496,0.001346561015432935
Kampala,2023,3846102,4132295,1.6544523726097,5.230214928823072,-0.050012771,0.002990598443893284,1.6532019654329968,1.6557027797864032,5.223679117604569,5.2367589175783875,-0.050450075,-0.049575467,0.0029564309277343333,0.0030247659600522343
Addis Ababa,2016,4039927,2482888,1.6745937869762442,5.336626901367501,0.022038670259514895,-0.003536899,1.6726699889253667,1.6765175850271217,5.326370178031914,5.346903375559688,0.021279037596060427,0.022798302922969364,-0.003603253,-0.003470545
Addis Ababa,2023,5460591,3129105,1.8042079372017776,6.075157635994289,-0.026910173,-0.00049558,1.802139832138147,1.8062760422654083,6.062606554675825,6.08773470112695,-0.027819963,-0.026000382,-0.000586252,-0.000404908
Cape Town,2016,4207519,2476531,2.4416361864575706,11.491828142338381,-0.228122261,0.014126295094303007,2.439139933963162,2.4441324389519794,11.463177412278492,11.520550481194283,-0.229034052,-0.22721047,0.014045231222513752,0.014207358966092262
Cape Town,2023,4890280,2570849,2.469619600223834,11.817950450779422,-0.235986681,0.015009120521969175,2.466983533594116,2.472255666853552,11.786838570475163,11.849144452264037,-0.237018924,-0.234954438,0.014910748851115149,0.015107492192823202
Ibadan,2016,3230579,3316328,1.6560080445266652,5.238357759451785,-0.029045768,0.0005194769859701485,1.6549206022930114,1.657095486760319,5.23266444412598,5.244057269296605,-0.029431797,-0.028659739,0.0004880305448955576,0.0005509234270447393
Ibadan,2023,3874908,4076395,1.4869509157563563,4.423587045671317,-0.058372997,0.002186404656212545,1.485878883157953,1.4880229483547596,4.418847357160703,4.428331818007047,-0.05877655,-0.057969444,0.0021513498989526804,0.00222145941347241
Dakar,2016,2829709,1248723,1.9951300164778565,7.353158997577527,-0.015153437,-0.000986617,1.9928952014206442,1.9973648315350687,7.336744395763066,7.369610324012363,-0.015822465,-0.014484408,-0.001032364,-0.000940871
Dakar,2023,3429536,1407234,2.0175722901410977,7.52004626453102,-0.013256288,-0.000575249,2.015238666593519,2.0199059136886763,7.502517767900198,7.537615713839816,-0.013985956,-0.01252662,-0.000627194,-0.000523305
Kumasi,2016,2757821,2687765,1.5501569250966112,4.712209588518481,0.004801537060420819,-0.001329243,1.5488114296328006,1.5515024205604218,4.7058735953734905,4.718554112451288,0.004366123017860768,0.0052369511029808705,-0.001360754,-0.001297732
Kumasi,2023,3768239,3567064,1.5960483165592732,4.9334982300785235,-0.053276355,0.0020874941815699263,1.5948330221551994,1.597263610963347,4.927506219053222,4.939497527588007,-0.053718418,-0.052834292,0.0020508416914537544,0.002124146671686098
Maputo,2016,1100459,1929678,1.8786051472486534,6.544370060236044,-0.095498729,0.0036285415448222363,1.8764288395653075,1.8807814549319992,6.530142984254005,6.558628132429266,-0.095931874,-0.095065583,0.0036086094948184237,0.003648473594826049
Maputo,2023,1162793,2392774,1.8969137407993544,6.665291847868818,-0.086339317,0.003073133540563361,1.8949568790878597,1.898870602510849,6.6522615468624355,6.678347672337126,-0.08671828,-0.085960355,0.0030560974531609075,0.0030901696279658146
Ouagadougou,2016,2305593,1467080,1.6219117225640327,5.062759662949103,-0.042787159,0.0021102257477422347,1.620570085286107,1.6232533598419585,5.0559718302789545,5.069556608540349,-0.043227082,-0.042347235,0.0020776907046952836,0.002142760790789186
Ouagadougou,2023,3203923,2434164,1.621747561104083,5.061928621145843,-0.054027401,0.0032333976451493353,1.6204503815232478,1.6230447406849182,5.055366647648002,5.068499112224938,-0.054483185,-0.053571616,0.0031964887828191376,0.003270306507479533
Harare,2016,1504803,1958618,1.8616635706594795,6.434432005118225,-0.083233679,0.0032705792972238007,1.859518994591394,1.8638081467275651,6.420647662297275,6.448245941232095,-0.083744165,-0.082723192,0.003243226611726571,0.0032979319827210305
Harare,2023,1578128,2430801,1.8854055513853203,6.589026088891666,-0.081626088,0.003037119562086899,1.8834558517990625,1.887355250971578,6.5761919828434925,6.601885242000279,-0.082086191,-0.081165985,0.003012505943425944,0.0030617331807478543
Kigali,2016,985604,1403581,1.7379796615930525,5.685844480725957,-0.025342093,0.00046549991359092093,1.7366138898255326,1.7393454333605725,5.6780842154415785,5.6936153520026025,-0.025608793,-0.025075394,0.00045468298399780943,0.0004763168431840324
Kigali,2023,1247551,1870201,1.6601867479235306,5.260293101540682,-0.01338165,2.376783569762078e-06,1.658847835116739,1.6615256607303222,5.253254740666774,5.267340892477711,-0.013659721,-0.013103578,-1.01E-05,1.4835881169252656e-05
Conakry,2016,1755905,975235,1.7612394441271417,5.819646052236927,-0.034303461,0.0013024351030498191,1.7587672175676232,1.7637116706866602,5.805276338612287,5.83405133499861,-0.034825373,-0.03378155,0.001278331305080845,0.0013265389010187931
Conakry,2023,2110937,1060641,1.8366469033092356,6.275460716690769,-0.026626579,0.0007869744637401088,1.834344402907962,1.8389494037105092,6.261028087815525,6.289926614986519,-0.027152079,-0.026101079,0.0007606088075067758,0.0008133401199734417
Abuja,2016,2591282,2146400,2.136618315964793,8.470743760491352,-0.098021215,0.0038976486044660806,2.134878824020512,2.138357807909074,8.456021778055021,8.485491373983578,-0.098489143,-0.097553286,0.0038688340660974403,0.0039264631428347204
Abuja,2023,3839646,2696915,2.052436092733664,7.786847501966207,-0.127462989,0.005781281514157804,2.050466713390728,2.0544054720766,7.77152733591007,7.802197868969706,-0.128098085,-0.126827893,0.005734257828446462,0.005828305199869146
Aba,2016,968995,1477412,1.6456629064544557,5.184445570492374,-0.033652975,0.0010756703329859749,1.6444177501933035,1.6469080627156079,5.177994142980885,5.190905036042492,-0.033910474,-0.033395477,0.0010654195456512717,0.001085921120320678
Aba,2023,1188803,1541469,1.6386855310907875,5.148397653862823,-0.037608758,0.0014293793547702674,1.6375232909712742,1.6398477712103008,5.14241745544473,5.154384806748038,-0.037867636,-0.037349881,0.0014181116244265904,0.0014406470851139443
Brazzaville,2016,2044472,2657547,1.8069727854200024,6.091977766598705,-0.026507155,0.0005080815962723298,1.8056881639397933,1.8082574069002115,6.084156905601325,6.099808680898079,-0.026832453,-0.026181856,0.0004894329722901895,0.00052673022025447
Brazzaville,2023,2637733,2581630,1.8503196952692746,6.361853051854169,-0.025869114,0.0005715445421373774,1.8492680049680308,1.8513713855705185,6.355165869740246,6.368547270512148,-0.02617042,-0.025567809,0.0005519105592699151,0.0005911785250048398
Freetown,2016,1073214,749099,1.7334739397517716,5.6602832761461865,-0.023070471,0.0004069273412637681,1.7316634301011917,1.7352844494023514,5.650044550102695,5.670540556293112,-0.023452989,-0.022687954,0.0003912181255683843,0.00042263655695915186
Freetown,2023,1309168,931275,1.687169255467116,5.404161232740168,-0.027346112,0.00061625090824339,1.6854742060120234,1.6888643049222087,5.3950086714008565,5.413329321279558,-0.027720805,-0.026971418,0.0005994786876526735,0.0006330231288341066
Mombasa,2016,1138846,909394,1.9708425811196286,7.176720911071293,-0.059918439,0.0018205001216647328,1.96848066678087,1.9732044954583872,7.159790113463884,7.193691745034947,-0.060439424,-0.059397455,0.0017981043392661857,0.00184289590406328
Mombasa,2023,1440396,1130580,1.8616915436220027,6.434611997761015,-0.048526706,0.0016598970407007679,1.8595237649591323,1.8638593222848732,6.420678291220798,6.448575942255718,-0.049043242,-0.04801017,0.001635308430025832,0.0016844856513757037
Monrovia,2016,1317509,999136,1.5431023108185986,4.67908374986413,-0.019625149,0.0009801278373046535,1.5409044377614365,1.5453001838757607,4.668811010981436,4.689379091753009,-0.020094383,-0.019155915,0.0009562990426639317,0.0010039566319453752
Monrovia,2023,1678020,1367699,1.7635356408024259,5.833024458000664,-0.040750332,0.0013885676665674133,1.761542596725079,1.7655286848797727,5.8214105605008575,5.844661525591934,-0.041215754,-0.04028491,0.0013626604567593932,0.0014144748763754334
Lilongwe,2016,945082,827813,1.5623324283459488,4.769933809295234,-0.023711225,0.0006219480000767388,1.5600941515456523,1.5645707051462452,4.759269316606547,4.780622198804367,-0.024186685,-0.023235765,0.0006008288761422042,0.0006430671240112735
Lilongwe,2023,1276316,1103814,1.5359493759739586,4.645733985209054,-0.021083578,0.0004093252562527289,1.5338995937201725,1.5379991582277448,4.6362209952401905,4.655266494734521,-0.021577064,-0.020590092,0.00038346205569013463,0.0004351884568153231
Niamey,2016,1142940,743044,1.6646296237179286,5.28371592425012,-0.039051247,0.0013732988602041653,1.6629536201331048,1.6663056273027523,5.274867814223135,5.292578876175293,-0.039526392,-0.038576102,0.0013428950992596677,0.0014037026211486628
Niamey,2023,1437233,1084605,1.648936619652486,5.201445770086983,-0.018104998,0.0002808852972078863,1.647369284916297,1.6505039543886748,5.193299748891698,5.209604568834985,-0.01857551,-0.017634486,0.0002479105686315848,0.00031386002578418783
Nouakchott,2016,1104876,784547,1.6151012804756282,5.028397176137284,-0.041775458,0.0010414279910350716,1.6128675550411344,1.617335005910122,5.017177652802539,5.039641788817588,-0.0425394,-0.041011515,0.0009821840285022508,0.0011006719535678925
Nouakchott,2023,1491958,1066520,1.7485438054942803,5.746228953570341,-0.069954794,0.0020106516727241876,1.7464795093003844,1.7506081016881763,5.734379269848674,5.758103123814036,-0.070728969,-0.069180619,0.00194348198232759,0.002077821363120785
Bujumbura,2016,797334,754113,1.799138373488744,6.04443717275891,-0.046547289,0.0013850568241375355,1.7974090743371478,1.8008676726403403,6.033993565347511,6.054898855916425,-0.046911974,-0.046182604,0.0013702690732321392,0.0013998445750429318
Bujumbura,2023,1206767,949154,1.7254211121964713,5.614885028471136,-0.030886118,0.0007822747586031034,1.7238875259987645,1.7269546983941781,5.606280717702243,5.62350254481562,-0.031267973,-0.030504262,0.0007630363354635478,0.000801513181742659
Oran,2016,865316,1001390,2.2128518297809237,9.141749968543285,-0.03051239,8.772479672141221e-05,2.2098631062077887,2.2158405533540586,9.114468593464496,9.16911300207737,-0.03116425,-0.02986053,5.661219064873862e-05,0.00011883740279408579
Oran,2023,935947,1091722,2.27695044605481,9.746911309523846,-0.019725362,-0.000593234,2.273878725750935,2.2800221663586844,9.717017460431121,9.776897125335497,-0.020408038,-0.019042687,-0.000626665,-0.000559802
Bangui,2016,815276,484607,1.4680398003552746,4.340718122140272,-0.005437136,-0.000319448,1.4661187265130937,1.4699608741974555,4.332387286736633,4.349064977076315,-0.005924018,-0.004950253,-0.000343097,-0.000295799
Bangui,2023,958335,676214,1.3864138728366742,4.000478075434373,-0.016631495,0.0005718226227300316,1.38461649814151,1.3882112475318382,3.9932941753871067,4.007674899252748,-0.017098156,-0.016164833,0.0005470887064108077,0.0005965565390492556
Libreville,2016,768713,944648,1.5632549302939516,4.774336112780724,0.0008999191840325271,4.2633141259247785e-05,1.5610212794708902,1.565488581117013,4.763683814179475,4.7850122314905095,0.0003899581278003707,0.0014098802402646834,1.8175641611099514e-05,6.709064090739605e-05
Libreville,2023,869773,1133248,1.6299905216721842,5.103826342568275,0.00028890991754571064,0.0002033863559589239,1.6281019934290681,1.6318790499153002,5.094196718143259,5.113474169994017,-0.000148316,0.0007261358653692044,0.00018205987012925276,0.00022471284178859506
Constantine,2016,423520,823098,1.900669115827794,6.6903695770983616,0.018107396253636804,-0.000790801,1.896837338156827,1.9045008934987608,6.664782621411796,6.716054764391043,0.017573805961821554,0.018640986545452053,-0.000806676,-0.000774927
Constantine,2023,417768,918130,1.9859432460559565,7.285916557341208,0.017034558353763923,-0.000760128,1.9822583290549352,1.9896281630569779,7.259117965168958,7.312814082268906,0.01653185371754726,0.017537262989980585,-0.000774896,-0.00074536
Bobo-Dioulasso,2016,794345,522601,1.5966187244865329,4.9363131393250335,-0.030558622,0.0008245683464715069,1.595023649689862,1.5982137992832037,4.928445626951456,4.944193210983147,-0.030974143,-0.030143101,0.0008038097266559682,0.0008453269662870456
Bobo-Dioulasso,2023,1128646,783362,1.6479727514816078,5.196434677470944,-0.028242522,0.0005344972120931792,1.6463687984665807,1.649576704496635,5.188106521173787,5.204776202458013,-0.028683811,-0.027801232,0.0005094980029481578,0.0005594964212382005
Windhoek,2016,379580,517157,1.9560656929727986,7.071451005242247,-0.074802803,0.002180736981696097,1.9530655455581831,1.9590658403874142,7.050267402645831,7.092698257200217,-0.075339044,-0.074266562,0.002161370380326695,0.0022001035830654992
Windhoek,2023,477267,582577,1.9349295835106672,6.9235565056698825,-0.087529206,0.0028669621085290584,1.9319604246293074,1.937898742392027,6.903029854904269,6.944144193893034,-0.088108208,-0.086950203,0.0028436925037907163,0.0028902317132674005
Jakarta,2016,10286636,7657964,2.200192848859097,9.026754130824818,-0.140785785,0.010320379723831517,2.198859523078059,2.201526174640135,9.014726546948776,9.038797762084343,-0.141466262,-0.140105308,0.010240710086197348,0.010400049361465685
Jakarta,2023,11248839,8055817,2.0530762886826746,7.791834206256154,-0.091989387,0.00687957806754742,2.051898155629126,2.054254421736223,7.782659794230193,7.801019433329702,-0.092612791,-0.091365983,0.006803782759375815,0.006955373375719024
Delhi,2016,26719965,5749026,2.3016486372203704,9.99063982564194,-0.086435077,-0.002267902,2.299400081728036,2.303897192712705,9.968200555017075,10.013129608981052,-0.088265184,-0.084604971,-0.002620502,-0.001915301
Delhi,2023,32941309,6027087,2.2689849137953155,9.669580372977252,-0.106698126,0.0028807273631176224,2.266755502528573,2.2712143250620582,9.648046913936096,9.691161892508001,-0.108687104,-0.104709149,0.0024600738539919515,0.0033013808722432932
Mumbai,2016,19534652,1323235,2.6236170754144283,13.78549669543769,-0.166405201,0.01629687933989241,2.619806408393512,2.6274277424353447,13.733064721657938,13.838128851181931,-0.169533184,-0.163277219,0.015722031104296267,0.016871727575488552
Mumbai,2023,21296517,1260869,2.6227454542899786,13.77348620036791,-0.161957168,0.01601994509927047,2.618544647050129,2.6269462615298282,13.715747798675416,13.831467660118848,-0.165557995,-0.15835634,0.015329414588357479,0.016710475610183465
Manila,2016,13064268,5024162,2.1876512754923385,8.914251386973186,-0.127554886,0.004668824842166245,2.1859821869869633,2.1893203639977137,8.89938512245605,8.92914248532071,-0.12858842,-0.126521353,0.004520290568667286,0.004817359115665204
Manila,2023,14667089,5271012,2.2767223031029715,9.744687874046596,-0.16118871,0.006966208134598585,2.2749856550228866,2.2784589511830564,9.727779466785181,9.761625670773212,-0.162316033,-0.160061387,0.006795919696434423,0.007136496572762746
Dhaka,2016,18234249,3006813,2.391856047148125,10.933768711994187,-0.26899165,0.02243216768378066,2.3895157083094087,2.3941963859868416,10.908209908220394,10.959387402078917,-0.270845275,-0.267138025,0.022113827320685054,0.022750508046876266
Dhaka,2023,23209616,3518443,2.3212830160563502,10.188738238417619,-0.277983618,0.022223319975548446,2.3188964897719124,2.323669542340788,10.16445153875702,10.213082968142915,-0.280063029,-0.275904207,0.021826578035681214,0.022620061915415678
Kolkata,2016,14508143,5244192,2.268357334797034,9.66351385122291,-0.210302615,0.016101737868026787,2.2668396044517842,2.269875065142284,9.64885836735871,9.678191595047734,-0.211296403,-0.209308828,0.015953641751027786,0.01624983398502579
Kolkata,2023,15332793,5358912,2.2263038670493818,9.265555984427623,-0.215760844,0.014329365176745167,2.224604720376159,2.2280030137226046,9.249825813519454,9.281312905923508,-0.216896007,-0.214625681,0.014156205346748206,0.014502525006742128
Bangkok,2016,9647526,8348732,2.273367036614863,9.712046640027452,-0.137705497,0.010844984486739269,2.2718046614875735,2.2749294117421526,9.696884627381943,9.727232359939398,-0.13845515,-0.136955843,0.010761368720963026,0.010928600252515512
Bangkok,2023,11069982,9057031,2.1866787409636625,8.905586183989586,-0.163763416,0.01395555967694424,2.1851088933988208,2.1882485885285043,8.891616739023625,8.91957757607702,-0.164560483,-0.162966349,0.013861378154400103,0.014049741199488376
Karachi,2016,14650981,3436368,2.17967352456169,8.843418628403477,-0.122708957,0.008207509323918418,2.177860380653975,2.1814866684694048,8.827398765341332,8.859467564131231,-0.123942907,-0.121475007,0.008015797139050413,0.008399221508786423
Karachi,2023,17236230,3630105,2.0684131277901336,7.9122574089996265,-0.132667364,0.010441362428463666,2.066632676496923,2.070193579083344,7.898182553578943,7.926357346336786,-0.133942958,-0.131391769,0.010232568313467484,0.01065015654345985
Bangalore,2016,10556789,4529948,2.2544399274756324,9.529954349594078,-0.028667689,-0.005978679,2.2525960493486488,2.256283805602616,9.512398465646916,9.54754263431401,-0.029718551,-0.027616827,-0.006114189,-0.005843169
Bangalore,2023,13607800,5171746,2.0051862021244493,7.427476779961661,0.01376737293811739,-0.0124592,2.00320545577192,2.0071669484769785,7.412779393124198,7.44220330744508,0.012519774818092631,0.015014971058142148,-0.012638485,-0.012279915
Ho Chi Minh City,2016,7604915,5280143,2.4630771495278014,11.740884467716297,-0.190617739,0.012475571124185219,2.461677136392673,2.46447716266293,11.724458576158383,11.757333371843337,-0.191228923,-0.190006555,0.012414807741319894,0.012536334507050544
Ho Chi Minh City,2023,9320866,5995475,2.3497525554312246,10.482975448431702,-0.183939061,0.01200152588248098,2.3482764578599333,2.351228653002516,10.467512968704305,10.498460769141483,-0.184641351,-0.183236771,0.011924965279722635,0.012078086485239324
Chennai,2016,9929919,3446918,2.1330012143209602,8.440159565726864,-0.105083882,0.009011261825125714,2.1313987790757007,2.1346036495662197,8.426645587092729,8.453695216996529,-0.105937548,-0.104230216,0.0089093519133713,0.009113171736880128
Chennai,2023,11776147,3684603,1.9972889451354732,7.369051092037771,-0.112345962,0.010131668391943394,1.9954797821791728,1.9990981080917736,7.355731330221847,7.382394973284772,-0.113383085,-0.11130884,0.00999766497953218,0.01026567180435461
Hyderabad,2016,8951161,4357118,2.079000379803874,7.996471483373038,-0.048038227,0.0032038884816055174,2.0773614085185184,2.0806393510892294,7.983376230530719,8.009588216556764,-0.048932318,-0.047144135,0.0030948601563387094,0.0033129168068723254
Hyderabad,2023,10801163,5097792,2.168266711496258,8.743116556,-0.061602688,0.0026862365856791747,2.166335208813076,2.17019821417944,8.726245501711798,8.760020228888143,-0.062719802,-0.060485574,0.0025402991949045385,0.002832173976453811
Kuala Lumpur,2016,7081137,4348867,2.423115920535702,11.280955168412719,-0.114874942,0.007353103668464196,2.420543635992785,2.425688205078619,11.251974630877543,11.310010348095906,-0.115956435,-0.113793448,0.007250851692410656,0.007455355644517736
Kuala Lumpur,2023,8621724,4638961,2.493726876953458,12.106310879824449,-0.166482153,0.011682728279192957,2.4909693726997277,2.496484381207188,12.072973660961972,12.139740153071596,-0.167753152,-0.165211155,0.011550984165779255,0.011814472392606658
Bandung,2016,2502129,4161878,2.0053721213685693,7.428857819207218,-0.059491704,0.002497278485580825,2.0042798890307596,2.006464353706379,7.42074821005898,7.4369762907718435,-0.05979649,-0.059186918,0.0024788458613169547,0.0025157111098446953
Bandung,2023,2674000,4512840,2.1013562220422695,8.177252565774547,-0.078220224,0.003197636998335967,2.1002513332141266,2.1024611108704123,8.16822260024237,8.186292513928585,-0.078534385,-0.077906064,0.0031781285734175007,0.0032171454232544335
Pune,2016,5917128,2653218,2.1782566206613017,8.830897226962243,0.02061318754170084,-0.007797067,2.1755526392185787,2.1809606021040246,8.807050899281105,8.854808121925934,0.01942235501234165,0.021804020071060026,-0.007913673,-0.007680461
Pune,2023,7166374,3130447,2.0232078271695015,7.562545403968645,0.057122025158693066,-0.011778732,2.020384454964777,2.026031199374226,7.541223637283566,7.583927454999666,0.0557942858943237,0.058449764423062434,-0.011919322,-0.011638141
Ahmedabad,2016,7294945,2684685,1.937456685201592,6.941075163414179,-0.009019825,-0.004108773,1.935410479239663,1.939502891163521,6.926886815124535,6.955292573709968,-0.01012875,-0.007910901,-0.004234215,-0.00398333
Ahmedabad,2023,8650605,3065199,1.8268606201334783,6.214346807813974,0.0695270900543415,-0.013583953,1.8246656342779508,1.8290556059890057,6.200721363768531,6.228002192363843,0.06827163361169979,0.07078254649698322,-0.013736894,-0.013431011
Surat,2016,5954102,1760361,2.318631733170563,10.161760789325589,-0.09377323,0.0022506578411459165,2.3164115460076338,2.320851920333492,10.13922480477726,10.184346863561181,-0.094919323,-0.092627137,0.0021302224726344695,0.0023710932096573634
Surat,2023,8064949,2018816,2.3329532522106216,10.308339751305516,-0.088006423,0.0005929417848846668,2.3306085652789967,2.3352979391422464,10.284198235012708,10.33253793830766,-0.089369826,-0.086643019,0.0004284798224430176,0.0007574037473263161
Surabaya,2016,2868336,3687096,1.8927516712199242,6.637608090256871,-0.013626389,-0.000356431,1.8913292007615974,1.894174141678251,6.628173000993335,6.647056610206268,-0.014045328,-0.013207449,-0.000383744,-0.000329119
Surabaya,2023,3044413,4024617,1.856043736253146,6.398372980527087,-0.013066374,-0.000559952,1.8546442498073799,1.857443222698912,6.389424807150024,6.407333685518372,-0.013484626,-0.012648122,-0.000587796,-0.000532107
Jaipur,2016,3520318,2743127,2.020769070585694,7.544124667550312,-0.035038611,-0.000374248,2.0192366389901157,2.0223015021812727,7.53257266613543,7.555694385188137,-0.03558855,-0.034488673,-0.000419288,-0.000329208
Jaipur,2023,4207084,3270490,1.9184017333536185,6.810065466153534,-0.026552275,-0.002205938,1.9166372119988448,1.9201662547083922,6.798059555668885,6.822092580025029,-0.027223516,-0.025881034,-0.002264898,-0.002146977
Phnom Penh,2016,1834728,1934730,2.19992156367732,9.024305638324464,-0.069111697,0.002210883763161102,2.1981338664722307,2.2017092608824096,9.008187323982366,9.040452793103364,-0.069582381,-0.068641013,0.0021845634878233915,0.0022372040384988122
Phnom Penh,2023,2281198,2817230,2.128508068913449,8.402321770550154,-0.063484818,0.00233637342840633,2.126721809214018,2.1302943286128797,8.387326438555544,8.417343912039216,-0.06397248,-0.062997156,0.0023071778226117436,0.0023655690342009165
Denpasar,2016,903530,2722055,1.6446567803753005,5.179231987798503,-0.00497347,0.00010161477337944175,1.6434570219454772,1.6458565388051238,5.173021886616665,5.185449544072846,-0.00518443,-0.00476251,9.37292590353328e-05,0.0001095002877235507
Denpasar,2023,1053041,3046745,1.6322768456137302,5.115508692658228,-0.0053721,1.2246411016791161e-05,1.6312220206463137,1.6333316705811467,5.11011557126778,5.120907505849169,-0.005569779,-0.005174421,4.307144039751682e-06,2.018567799383064e-05
Davao,2016,1667352,1005712,1.848409139267728,6.349709979029067,-0.053249039,0.0024404011347780503,1.8465628248861328,1.8502554536493232,6.337997234207709,6.361444369235582,-0.053744907,-0.05275317,0.0024124768366817857,0.002468325432874315
Davao,2023,1949400,1304968,1.8423049420864022,6.311068155913439,-0.043982394,0.002148986205852806,1.8405880968937984,1.844021787279006,6.300242324687059,6.32191258938013,-0.04445525,-0.043509538,0.0021210519973379567,0.0021769204143676554
Semarang,2016,1736895,2503763,1.816987777075716,6.1532954084208535,-0.0166336,0.00027628771134170457,1.815786478877218,1.8181890752742138,6.145907903918237,6.160691792851974,-0.016944187,-0.016323013,0.0002594748094208695,0.0002931006132625396
Semarang,2023,1975306,2801679,1.8261926807728206,6.210197386915298,-0.025700696,0.0005034468254205312,1.8249802623304072,1.827405099215234,6.202672591594447,6.217731310969575,-0.026029245,-0.025372146,0.00048460518576467316,0.0005222884650763893
Palembang,2016,1611268,1670961,1.7336317333818536,5.661176503262543,-0.027767356,0.00118222263104428,1.73211608079754,1.7351473859661672,5.6526026256163515,5.669763385781492,-0.028199925,-0.027334786,0.0011566820622620733,0.0012077631998264865
Palembang,2023,1818421,1941851,1.6405869813450016,5.1581963888418265,-0.036902708,0.001559565921170189,1.6392111770141262,1.641962785675877,5.15110459948644,5.165297941826603,-0.037305912,-0.036499504,0.0015346654860120123,0.0015844663563283656
Makassar,2016,1478420,1591431,1.913927340031927,6.779662622574186,-0.040661349,0.0012859880148290478,1.9123716902194579,1.9154829898443961,6.769124040983334,6.7902176112660575,-0.041021177,-0.040301522,0.0012679267929754934,0.0013040492366826022
Makassar,2023,1673094,1857910,1.9824323036109954,7.260380976857101,-0.0608615,0.0021459595931621533,1.980907020637194,1.983957586584797,7.249315282672605,7.271463562235179,-0.061226568,-0.060496433,0.002126724909104349,0.0021651942772199576
Batam,2016,1262984,1192020,2.0511280012923647,7.776668252540188,-0.099538678,0.0061781608291078755,2.048196762791196,2.0540592397935336,7.753906359713646,7.799496963785861,-0.100107212,-0.098970144,0.006154952713546577,0.006201368944669174
Batam,2023,1748142,1341989,1.985740418842461,7.284438925045208,-0.128919952,0.009425514465632955,1.982773521345671,1.988707316339251,7.2628587703164,7.306083200954511,-0.129593747,-0.128246157,0.009393009676628835,0.009458019254637075
Bandar Lampung,2016,1003552,1636852,1.875215857643524,6.522226840907431,-0.029288595,0.0007202363198103091,1.8738690716019908,1.8765626436850573,6.513448709297783,6.531016802746808,-0.029536308,-0.029040883,0.0007104617382000382,0.0007300109014205799
Bandar Lampung,2023,1162242,1919586,1.879061359265543,6.547356361641995,-0.044788516,0.001240973701750185,1.8775976916938537,1.8805250268372322,6.537780218309995,6.556946531527055,-0.045072048,-0.044504984,0.0012290171969900584,0.0012529302065103114
Kathmandu,2016,1227249,1731642,2.166487815798514,8.727577289349473,-0.073175263,0.0020504241108556826,2.164661957379965,2.1683136742170634,8.711656507851641,8.743527166494413,-0.073642113,-0.072708414,0.0020262199107465135,0.0020746283109648518
Kathmandu,2023,1571010,2275523,2.02258579432133,7.557842715076702,-0.092596878,0.0035897658187685573,2.0208813386652165,2.0242902499774433,7.5449716794837265,7.570735707485988,-0.093062403,-0.092131354,0.003563222183831576,0.0036163094537055387
Sao Paulo,2016,21136155,8884227,2.5916791898079787,13.352173623172483,-0.361402582,0.05129969721361805,2.5900143201556904,2.593344059460267,13.329962488967203,13.374421766820442,-0.362669628,-0.360135537,0.05107592192369247,0.05152347250354363
Sao Paulo,2023,22619736,9067164,2.6251442315166766,13.806565384332348,-0.386121027,0.05654367286923501,2.6234158968359793,2.626872566197374,13.782723627759548,13.830448383069747,-0.38747264,-0.384769415,0.05629814430365654,0.056789201434813474
Mexico City,2016,21419976,8380218,2.082041431880983,8.020826182772343,-0.127082336,0.0055846258277851245,2.0807470782977737,2.083335785464192,8.010451113614835,8.031214689632485,-0.1280348,-0.126129872,0.005421388471587703,0.005747863183982546
Mexico City,2023,22281442,8597739,2.0136145154831215,7.490342435303072,-0.107888744,0.00277117811777295,2.012263058214159,2.014965972752084,7.480226394809786,7.500472156435133,-0.108897366,-0.106880123,0.00259583872080074,0.0029465175147451598
Rio de Janeiro,2016,13057419,3537181,2.704398059911287,14.945317796479967,-0.27290735,0.018290512929669395,2.701945214525869,2.706850905296705,14.908704164834985,14.982021345934534,-0.274305316,-0.271509384,0.01810459763405054,0.01847642822528825
Rio de Janeiro,2023,13727720,3604537,2.6836426124060813,14.638318017327984,-0.280794659,0.020703598006120656,2.6812066136734534,2.686078611138709,14.60270249049123,14.6740204093017,-0.282212349,-0.279376968,0.02051090414173811,0.0208962918705032
Lima,2016,10002049,4059883,2.3233392722566952,10.209710449323872,-0.098297585,0.0035665473560271685,2.3217879972825255,2.324890547230865,10.193884659260023,10.225560808591663,-0.09919521,-0.09739996,0.0034504970843946066,0.0036825976276597303
Lima,2023,11204382,3756851,2.267847860371916,9.658591791997052,-0.099970254,0.003019429618841548,2.2659793408220508,2.2697163799217814,9.640561374748994,9.67665593092723,-0.101097893,-0.098842615,0.002868301349789814,0.003170557887893282
Bogota,2016,9988963,2944665,2.194096833737322,8.97189428425884,-0.018339158,-0.004182534,2.191885280123018,2.1963083873516256,8.952074383492134,8.991758066303735,-0.019573331,-0.017104984,-0.004338617,-0.00402645
Bogota,2023,11507960,3087787,2.1961585838871787,8.990411170681268,-0.077105664,0.0042252715029745406,2.1936902808226137,2.1986268869517436,8.968247475847646,9.012629639802732,-0.078552108,-0.07565922,0.0040330753495565344,0.004417467656392547
Guadalajara,2016,4870569,4245167,1.878323833004684,6.542529294649223,-0.070025181,0.0031742962384051143,1.8770476934436657,1.8795999725657024,6.534185439281516,6.550883804737866,-0.070549291,-0.069501071,0.0031271834058546697,0.003221409070955559
Guadalajara,2023,5419880,4558785,1.708320229267915,5.519681885930296,-0.043368262,0.0017517181268444201,1.7069609669604082,1.7096794915754217,5.51218428714941,5.527189682844001,-0.043947562,-0.042788962,0.0016974339549947243,0.001806002298694116
Belo Horizonte,2016,5826257,3995847,2.3296419597824922,10.274262275321847,-0.138276715,0.008179388713447642,2.3280223712841215,2.331261548280863,10.257635666078432,10.29091583464849,-0.138990692,-0.137562739,0.008108183035971479,0.008250594390923805
Belo Horizonte,2023,6247889,4231898,2.348783079231865,10.472817378035336,-0.141140633,0.008399056493236377,2.347180439068698,2.350385719395032,10.456046662584425,10.48961499245732,-0.141864141,-0.140417126,0.008324963097062068,0.008473149889410687
Brasilia,2016,4266576,1913906,2.4262728796332333,11.31662495686715,-0.186739042,0.011174302328362376,2.4231830657788125,2.429362693487654,11.28171265632059,11.351645296748393,-0.18780307,-0.185675013,0.011090115944631065,0.011258488712093687
Brasilia,2023,4873048,2130060,2.4262027979952836,11.315831897043902,-0.187240785,0.011175364669954937,2.423277425853698,2.429128170136869,11.28277724979845,11.34898338300914,-0.188287342,-0.186194228,0.011088700287048999,0.011262029052860875
Guatemala City,2016,2775437,2540295,1.864854539369559,6.454996869783762,-0.054349793,0.0015769166360164496,1.8631260972041006,1.8665829815350174,6.443849417654537,6.466163606300458,-0.054912362,-0.053787223,0.0015368897668453494,0.0016169435051875498
Guatemala City,2023,3095099,2866387,1.9002123732320222,6.687314498076518,-0.051344411,0.001652781468183377,1.8985534820011642,1.9018712644628801,6.676230167089339,6.698417232023204,-0.051903629,-0.050785192,0.0016113032799936092,0.0016942596563731447
Salvador,2016,3646672,1552945,2.4575291194935382,11.675926050307678,-0.120471419,0.004659452427076203,2.454896421958086,2.4601618170289905,11.645227296568898,11.706705731061202,-0.121466172,-0.119476667,0.0045797135928821045,0.004739191261270302
Salvador,2023,3958384,1655546,2.3934296420334555,10.95098757872396,-0.115226498,0.00454727930713278,2.3908416228886513,2.3960176611782598,10.922682855596761,10.979365649888624,-0.11622915,-0.114223847,0.004464418675915342,0.004630139938350217
La Paz,2016,1767866,1625706,2.4453351690992546,11.534414930495483,-0.16964857,0.006763213089864846,2.443327263622652,2.447343074575857,11.51127815159302,11.557598212534344,-0.170193665,-0.169103475,0.006730278638720332,0.00679614754100936
La Paz,2023,1935619,1965985,2.5658971819757896,13.012327559944152,-0.1735787,0.006646039623041542,2.563897430310447,2.567896933641132,12.986332137094228,13.038375019196812,-0.174131051,-0.173026349,0.0066116622712518,0.006680416974831285
Guayaquil,2016,2790791,1788128,2.1469948195959576,8.559098075545123,-0.133755901,0.007728706436271031,2.1449006630052994,2.149088976186616,8.541192738733317,8.577040948225296,-0.134514682,-0.13299712,0.0076684266996127695,0.007788986172929292
Guayaquil,2023,3142466,2011303,2.010804020157298,7.469320417878228,-0.086790235,0.004224397968051367,2.0090345592581325,2.0125734810564633,7.456115433752388,7.4825487883917,-0.087446531,-0.086133938,0.0041711628084209395,0.004277633127681794
Santo Domingo,2016,3018681,2037540,1.8450145862480192,6.328192094308285,-0.062665982,0.0018943326585460474,1.8426401194915707,1.8473890530044677,6.313183837906373,6.34323602965857,-0.063497908,-0.061834056,0.00182932307792881,0.001959342239163285
Santo Domingo,2023,3523890,2311861,1.8048861655956043,6.0792793779832195,-0.06561737,0.002396701321675491,1.802572516357346,1.8071998148338626,6.065230316448469,6.093360981749627,-0.066467361,-0.064767379,0.0023266108717495708,0.0024667917716014115
Medellin,2016,3800264,1890194,2.3793418426377912,10.797793877235994,-0.083492165,0.002364538630766614,2.377394289570997,2.3812893957045853,10.776785065184415,10.818843644932617,-0.084228683,-0.082755646,0.0023074867801489676,0.0024215904813842605
Medellin,2023,4102308,2088081,2.2694336142839706,9.6739200919599,-0.062826331,0.0011502467541835736,2.267354784767418,2.2715124438005234,9.65383054993323,9.694051440158406,-0.063626773,-0.06202589,0.0010864643445741371,0.0012140291637930101
Cali,2016,2623339,1344659,1.9964500050177907,7.362871491967058,-0.036326589,-0.000195331,1.9944234684286897,1.9984765416068917,7.347965472386177,7.377807749771103,-0.037044021,-0.035609158,-0.000245059,-0.000145603
Cali,2023,2863730,1514631,1.960700213920905,7.104299853601382,-0.034898528,-0.000270228,1.9587418642817083,1.962658563560102,7.090400764626346,7.118226188522132,-0.035596252,-0.034200803,-0.000319636,-0.000220821
Quito,2016,1763259,2422568,2.1219421583926668,8.347333598895572,-0.065835043,0.0016804454907429274,2.119904592880178,2.1239797239051557,8.33034267577111,8.364359177433364,-0.066321599,-0.065348488,0.001653592625848899,0.001707298355636956
Quito,2023,1956995,2690586,2.106598709841076,8.220234279692518,-0.066789493,0.0015907070961678916,2.104660319559912,2.1085371001222404,8.204315690659323,8.236183755089227,-0.067268126,-0.06631086,0.0015633375761515316,0.0016180766161842516
Tegucigalpa,2016,1274860,919946,1.7846544140697564,5.957520756436779,-0.040267985,0.001011283038090285,1.7824846172255782,1.7868242109139347,5.944608160621223,5.970461400380352,-0.040851086,-0.039684884,0.00098290811665764,0.0010396579595229301
Tegucigalpa,2023,1568025,1096652,1.729375531496764,5.637132597313224,-0.0357744,0.0010761655888261302,1.7275214757406812,1.731229587252847,5.626690722074001,5.647593850329528,-0.036306724,-0.035242077,0.001047732463815708,0.0011045987138365524
Leon,2016,1735927,1724944,1.8193611563369,6.167916856388363,-0.070245324,0.0025826050435448053,1.8177435027338782,1.820978809939922,6.157947369224917,6.177902483779768,-0.070715205,-0.069775443,0.002556480115943706,0.0026087299711459047
Leon,2023,1898749,1976297,1.6718683240259318,5.322101925101657,-0.033462318,0.0007706098605344797,1.6702065459594526,1.673530102092411,5.313265117295226,5.330953429929688,-0.033951917,-0.032972719,0.0007422449660275646,0.0007989747550413949
Puebla,2016,3001427,2867702,1.921710582165549,6.832636264266653,-0.07794737,0.002480869961418896,1.9201982643802897,1.923222899950808,6.822310956465231,6.842977199028188,-0.07847532,-0.077419421,0.0024401882164736405,0.0025215517063641515
Puebla,2023,3344761,3145680,1.8346876786988864,6.263177716120938,-0.079121376,0.002974893183491794,1.8331253549291022,1.8362500024686705,6.253400244477621,6.272970475279527,-0.079684851,-0.078557901,0.0029296755188633382,0.0030201108481202497
San Jose,2016,1748592,2786067,1.716900294423335,5.5672448711159905,-0.029439739,0.0011161689460633855,1.7154742142997006,1.7183263745469692,5.559311192237328,5.575189872127624,-0.029810208,-0.029069269,0.0010957556008403136,0.0011365822912864573
San Jose,2023,1820701,3046057,1.7107618990531586,5.533175593300274,-0.028386523,0.0013935860891600704,1.7094206883992036,1.7121031097071135,5.525759413685605,5.540601726247319,-0.028736284,-0.028036763,0.0013741014214023548,0.001413070756917786
Managua,2016,1033622.0000000001,1260329,1.4454840996442937,4.243906119058391,-0.00611378,0.0001292230604276952,1.4440813259191025,1.4468868733694848,4.237957052634967,4.249863536531831,-0.006409927,-0.005817633,0.00011732496405648523,0.00014112115679890515
Managua,2023,1094510,1375286,1.4627839577487476,4.317963839734587,-0.014830835,0.00048328803208812703,1.4614689231743139,1.4640989923231813,4.3122892999199625,4.32364584667395,-0.015108945,-0.014552726,0.0004718113941741486,0.0004947646700021054
Port-au-Prince,2016,2502942,1479292,1.7577233467257223,5.799219541720058,-0.077126881,0.0020164101149982893,1.7557308502128066,1.759715843238638,5.787676120937365,5.810785985657568,-0.077816958,-0.076436804,0.0019625380777091436,0.002070282152287435
Port-au-Prince,2023,2987455,1718792,1.7130732382747618,5.545979430374345,-0.06478553,0.0013756754432809322,1.7112174587717246,1.714929017777799,5.535696859466382,5.5562811011837585,-0.065469651,-0.06410141,0.0013186620266424647,0.0014326888599193997
Merida,2016,328409,1852617,1.3600827547326144,3.8965157435717264,-0.004810786,5.484225291546418e-05,1.3585724814673137,1.3615930279979152,3.8906353816108386,3.9024049931957845,-0.005003533,-0.004618038,4.989890385497149e-05,5.978560197595687e-05
Merida,2023,355046,2114587,1.3776280732462596,3.9654846246165736,-0.006288961,9.643882432342407e-05,1.3761696196643454,1.3790865268281738,3.959705364777298,3.971272319387545,-0.006475895,-0.006102028,9.145428470170524e-05,0.0001014233639451429
Cancun,2016,829027,719118,1.5533381739099805,4.727224169576665,-0.024830825,0.002002425741843855,1.549918650953079,1.5567576968668821,4.711086924570839,4.743416690717394,-0.025697664,-0.023963987,0.0019542575772418273,0.0020505939064458826
Cancun,2023,1022604,851303,1.561753623415681,4.76717374693527,-0.036718727,0.0028908739462992256,1.558377631247596,1.565129615583766,4.751106941665972,4.78329488527573,-0.037626592,-0.035810862,0.002836855708869885,0.002944892183728566
Queretaro,2016,1237901,1735467,1.7228166256072306,5.600280163058233,-0.007813891,-0.000619274,1.7209491030231856,1.7246841481912756,5.589831273182484,5.610748584704138,-0.008249813,-0.007377968,-0.000640575,-0.000597974
Queretaro,2023,1413474,2119481,1.6030239916781661,4.96803302263919,0.002583748960546252,-0.000874168,1.6011611068552078,1.6048868765011244,4.958786764352447,4.977296521693961,0.0021369089683310393,0.003030588952761465,-0.000897119,-0.000851217
Acapulco,2016,931429,774843,1.9782128232571436,7.229810483119087,-0.065821248,0.002082538909944869,1.9750955043247755,1.9813301421895118,7.207307950031529,7.252383273228942,-0.066526024,-0.065116471,0.0020496831302677532,0.002115394689621985
Acapulco,2023,1018976,830556,1.9644491358197531,7.13098330473399,-0.081131226,0.0028420672688681575,1.9614512920334202,1.967446979606086,7.109637742060826,7.152392954082503,-0.081827027,-0.080435425,0.0028087226054821146,0.0028754119322542005
San Salvador,2016,1101602,1692485,1.8490798230575989,6.3539700550046465,-0.031030875,0.0005610357163771847,1.847501280251144,1.8506583658640539,6.343947953521076,6.364007989297514,-0.031371305,-0.030690445,0.0005460926008112227,0.0005759788319431466
San Salvador,2023,1116052,1906563,1.7953539064567319,6.021605429790849,-0.015400321,0.00014797415267830803,1.7939056062679595,1.7968022066455043,6.012890649842216,6.030332840501286,-0.015707616,-0.015093025,0.0001345703360782419,0.00016137796927837415
Asuncion,2016,3050044,2579468,1.8510744600203273,6.3666565668229405,-0.054231382,0.0015792885262325455,1.849440399940903,1.8527085200997515,6.356261562831235,6.377068570761378,-0.054747737,-0.053715027,0.0015426648394406752,0.0016159122130244158
Asuncion,2023,3510511,2958174,1.8353494159714532,6.267323665873855,-0.040915197,0.0005427421235109271,1.8337165508731348,1.8369822810697716,6.257098322375185,6.277565719618117,-0.041451799,-0.040378594,0.0005028874919142136,0.0005825967551076406
