city,year,n_obs,population,alpha,beta,kappa,delta,psi_at_center,p_at_center,psi_at_mean,p_at_mean,zero_ratio_obs,zero_ratio_pred,mean_nonzero_count,remoteness_mean,remoteness_std,remoteness_range,logLik,AIC,BIC,pseudo_R2,MSE,RMSE,MAE,fit_time_sec,n_iterations,convergence,fit_message
Kigali,2016,15992001,985604,0.2142582499524206,0.1359046388574789,-0.641011277,-0.084636166,0.5533605849269025,0.3450179745454969,0.9093559275935054,0.1252594308443842,0.9122323091400508,0.9121364369219688,2.0569129961149373,15.389745335438525,5.729043874681437,28.43477350435878,-6267350.375,12534708.7497377,12534767.10013457,-0.318026951,0.4648728283480461,0.6818158316936078,0.2875629145612671,159.52418279647827,12,TRUE,CONVERGENCE: RELATIVE REDUCTION OF F <= FACTR*EPSMCH
Conakry,2016,15996000,1755905,2.2193955858344965,0.0430702205994343,-0.260127957,-0.045118025,0.9019777700875378,0.4353322538406151,0.9377766140322692,0.3149729450424421,0.9390325706426608,0.939034594829094,3.022561741528965,11.455369100042477,4.26476234272034,21.16642048433965,-5570326.843,11140661.68605168,11140720.037448676,-0.516552096,0.720359011511149,0.8487396606210582,0.3438730312547242,129.0992488861084,9,TRUE,CONVERGENCE: RELATIVE REDUCTION OF F <= FACTR*EPSMCH
Abuja,2016,15992001,2591282,0.5493541430331526,0.1448661241369969,-0.627227838,-0.020287965,0.6339857342808226,0.3481393825393104,0.8717086345115066,0.3060518487493808,0.865782899838488,0.8657800380110796,2.9185426761088333,9.434898106645235,3.5124931313000967,17.430429582542786,-10339456.58,20678921.1699244,20678979.52032127,-0.639608759,1.3958721164389818,1.1814703197452665,0.6545309954419973,149.71529960632324,10,TRUE,CONVERGENCE: RELATIVE REDUCTION OF F <= FACTR*EPSMCH
Aba,2016,15988002,968995,-0.196940339,0.1732449927743304,-0.715178563,-0.063090351,0.4509234343005348,0.32845557837696,0.9232324636099346,0.1554314720207416,0.9075924558928626,0.9075685275024094,2.210667708127456,15.492739548798248,5.7674165095929455,28.624324952168468,-6513740.37,13027488.739599172,13027547.088995667,-0.322460655,0.5067922960293824,0.7118934583414729,0.3064897833666403,168.854590177536,13,TRUE,CONVERGENCE: RELATIVE REDUCTION OF F <= FACTR*EPSMCH
Brazzaville,2016,15992001,2044472,-0.203169499,0.1756236004511558,-0.175571061,-0.095376816,0.449381623599648,0.4562196385518988,0.841759658770656,0.2326171114983138,0.8338202330027368,0.8338400609521509,2.707196147424674,10.673673714384227,3.9734333326374207,19.722596223916355,-11597867.48,23195742.95039601,23195801.30079288,-0.612420685,1.428370118324905,1.1951443922492817,0.6754195809625322,160.73693561553955,10,TRUE,CONVERGENCE: RELATIVE REDUCTION OF F <= FACTR*EPSMCH
Freetown,2016,15992001,1073214,0.7455151569619032,0.1764188862701665,-0.711716725,-0.04439585,0.6782006900521456,0.3292196177783089,0.9655745007073736,0.2037384283622453,0.953157894374819,0.9531675193397864,2.4342203099990787,14.671958378091048,5.462103166335234,27.11246258651539,-3972060.434,7944128.868404327,7944187.218801198,-0.313405457,0.3529810827691108,0.5941221109915964,0.1975670026819443,143.0786509513855,10,TRUE,CONVERGENCE: RELATIVE REDUCTION OF F <= FACTR*EPSMCH
Mombasa,2016,15992001,1138846,0.3338679773531541,0.2043801217894059,-0.012024358,-0.091406074,0.5827002166079415,0.4969939468065881,0.9629299301936834,0.2109132200349163,0.9431344457769856,0.9431190591931424,3.0238741403616034,14.303263663547868,5.324598593961228,26.42969375914761,-4951130.151,9902268.301962778,9902326.65235965,-0.418529831,0.6780249194967454,0.823422685804044,0.2812501321127417,144.10168313980105,11,TRUE,CONVERGENCE: RELATIVE REDUCTION OF F <= FACTR*EPSMCH
Monrovia,2016,15988002,1317509,1.080426492534289,0.1173978917445974,-0.448249694,-0.097386932,0.7465746846051222,0.3897769974449546,0.9333053340738552,0.1492072604622936,0.9375071381652316,0.9375367077638108,2.1384115876116967,13.272648371682385,4.940992653127197,24.522820680644063,-5000737.968,10001483.935882624,10001542.28527912,-0.337971319,0.3854715867511813,0.6208635814341033,0.2411844756992526,140.99117851257324,10,TRUE,CONVERGENCE: RELATIVE REDUCTION OF F <= FACTR*EPSMCH
Lilongwe,2016,15996000,945082,-0.373082643,0.2560159876021085,-1.038805322,-0.061406143,0.4077963567814252,0.2613805736593153,0.9732182795479064,0.1202510914872067,0.948248749687422,0.9482271032407252,1.980276946605091,15.491108551793465,5.768910538463193,28.62605640340578,-3703971.645,7407951.289599248,7408009.640996244,-0.137086961,0.2637786621975851,0.5135938689252288,0.1643974491401551,181.18982458114624,15,TRUE,CONVERGENCE: RELATIVE REDUCTION OF F <= FACTR*EPSMCH
Niamey,2016,15992001,1142940,-1.163573016,0.4183119307047037,-0.795151992,-0.091728444,0.2380186558819312,0.3110635086831999,0.9912851086207364,0.1102314469450855,0.9535365211645496,0.9534699907852394,2.2194567212708805,14.098431239153411,5.249999933840135,26.05107808431015,-3049836.282,6099680.563454615,6099738.913851486,-0.014591037,0.2614784889288422,0.5113496738327328,0.1489133134826899,196.10294008255005,16,TRUE,CONVERGENCE: RELATIVE REDUCTION OF F <= FACTR*EPSMCH
Nouakchott,2016,15992001,1104876,-2.011257232,0.5539168832986653,-0.319541238,-0.13152974,0.1180260422804377,0.4207875557078094,0.9971144726273848,0.101098526673718,0.9509412862092742,0.950926360179846,2.723821517385192,14.183382683776657,5.285408915644034,26.208699030548285,-3089215.1,6178438.200712404,6178496.551109275,0.013088063119375,0.3633720829378141,0.6028035193475683,0.1653817365739202,190.53946232795715,16,TRUE,CONVERGENCE: RELATIVE REDUCTION OF F <= FACTR*EPSMCH
Bujumbura,2016,15992001,797334,0.070162120058677,0.2032904219402185,-0.384191908,-0.100109606,0.5175333379574214,0.4051162590859666,0.971982673907216,0.109475602357419,0.9528443626285416,0.9528048282910998,2.3925353362161905,17.10042567689008,6.3658753005364135,31.59509529414081,-3634215.001,7268438.001499092,7268496.351895963,-0.195727017,0.3306449282684929,0.5750173286680088,0.1758960827575596,165.8585889339447,13,TRUE,CONVERGENCE: RELATIVE REDUCTION OF F <= FACTR*EPSMCH
Oran,2016,15996000,865316,-0.047691704,0.2311859014820021,-0.263583701,-0.021818279,0.4880793333356222,0.4344829601216249,0.9678736652220566,0.3567557200663247,0.937395536384096,0.9373973521855516,3.5504288406174824,14.936538767245302,5.655349039466378,27.657222373114784,-5300697.286,10601402.57265932,10601460.924056316,-0.415688098,0.9063056465711458,0.952000864795377,0.3662993471327663,153.56847047805786,10,TRUE,CONVERGENCE: RELATIVE REDUCTION OF F <= FACTR*EPSMCH
Bangui,2016,15992001,815276,-0.95383305,0.3664033897482527,-1.062267405,-0.121682349,0.2781146183791101,0.2568763891596376,0.994721637794058,0.042336259089331,0.969696912850368,0.9697517458932756,1.8135437581380376,16.90126319507056,6.291748039166337,31.23017527808722,-1914658.644,3829325.287305461,3829383.637702332,0.1183271455533298,0.1108140631467861,0.3328874631865642,0.078911093789889,197.96826267242432,17,TRUE,CONVERGENCE: RELATIVE REDUCTION OF F <= FACTR*EPSMCH
Libreville,2016,15992001,768713,-0.707046414,0.2622958659391435,-0.65892423,-0.037648445,0.3302518029866381,0.3409813097045535,0.9794675705071002,0.2116229889459318,0.940929968676215,0.9409488890546678,2.6302622775891127,17.430888447669144,6.488886585638533,32.20721821308347,-4378533.36,8757074.720744086,8757133.071140958,-0.220115973,0.4717797085565955,0.6868622194855352,0.2331765992941367,178.4457983970642,14,TRUE,CONVERGENCE: RELATIVE REDUCTION OF F <= FACTR*EPSMCH
Constantine,2016,15996000,423520,0.9906311736769596,0.103505496704888,-0.631123056,-0.008244028,0.7292125729405979,0.3472559319910336,0.9605636359472974,0.3086316185048907,0.948543135783946,0.9485498563645218,2.974785689293212,21.276171732237565,8.066471239210353,39.40861470686321,-4642193.794,9284395.5888434,9284453.940240396,-0.431135843,0.5821945983961291,0.76301677464924,0.2763388331845318,155.58672404289246,10,TRUE,CONVERGENCE: RELATIVE REDUCTION OF F <= FACTR*EPSMCH
Bobo-Dioulasso,2016,15996000,794345,-1.142264991,0.4114662508295266,-0.804134078,-0.089464179,0.2419047486520655,0.3091418948052025,0.9971211929141464,0.0891626492309296,0.9673292698174544,0.9673535265754546,2.2236811640237963,16.98744743978874,6.324770809007445,31.38912387,-2156536.516,4313081.032353314,4313139.383750309,0.0631622511908249,0.1747962218560189,0.4180863808545058,0.1015925204256637,227.20905542373657,20,TRUE,CONVERGENCE: RELATIVE REDUCTION OF F <= FACTR*EPSMCH
Windhoek,2016,15996000,379580,-0.600826649,0.2521041210580459,-0.565607441,-0.034888134,0.3541545922493743,0.3622510014820475,0.9955794277831226,0.1980687124980064,0.9676694173543384,0.9676749582170294,2.7884059091963804,23.87062290979788,8.90898183832998,44.1269510667658,-2498345.532,4996699.064141876,4996757.415538872,-0.094101449,0.2936738386273469,0.5419168189190542,0.1382028151129422,176.55623483657837,12,TRUE,CONVERGENCE: RELATIVE REDUCTION OF F <= FACTR*EPSMCH
Jakarta,2016,15992001,10286636,-1.280664156,0.2868733132557068,0.5381068218603009,-0.11286107,0.2174371907397487,0.6313719064547176,0.5205757141836925,0.5004682573824337,0.521137848853311,0.5211421514986224,4.625818559606705,4.751273315903815,1.7687506898900858,8.778214657747702,-30487662.91,60975333.82931213,60975392.179709,-1.753951535,7.531478860959204,2.744353997019919,2.3171659077186417,132.07171821594238,7,TRUE,CONVERGENCE: RELATIVE REDUCTION OF F <= FACTR*EPSMCH
Delhi,2016,15996000,26719965,-0.293817023,0.3150581726027059,-0.069345682,-0.078321656,0.4270696544867607,0.4826705233531468,0.6415372628877575,0.4287190394895449,0.6405928357089272,0.6405946829138177,3.921550189708713,2.779993205081792,1.0419298256143112,5.141037778118097,-24293127.86,48586263.71990221,48586322.0712992,-1.325455822,5.267117957378878,2.295020252062905,1.813440442701362,147.98803973197937,9,TRUE,CONVERGENCE: RELATIVE REDUCTION OF F <= FACTR*EPSMCH
Kigali,2023,15992001,1247551,0.0516986800278653,0.1418730550398509,-0.619814198,-0.079337074,0.5129217920713974,0.3498237103548657,0.8799943263426191,0.153805043149813,0.8830539717950243,0.8829974211725459,2.14262638080078,13.67897348371061,5.092185578166635,25.27387583768344,-8109036.271,16218080.542962097,16218138.893358966,-0.405416699,0.6634468693534121,0.8145224793419836,0.3924627724609388,154.5836718082428,11,TRUE,CONVERGENCE: RELATIVE REDUCTION OF F <= FACTR*EPSMCH
Conakry,2023,15996000,2110937,2.2808424041715254,0.0341070369633554,-0.046450576,-0.042293935,0.9072779381831948,0.4883894436383267,0.9332166467864016,0.3802879485129328,0.93369336084021,0.9336953900499064,3.5268012456618214,10.44773043443744,3.88962476324933,19.304577054746787,-6236154.562,12472317.123400709,12472375.474797703,-0.597913607,1.047526623275987,1.0234874807617274,0.4351723234023433,138.86425495147705,10,TRUE,CONVERGENCE: RELATIVE REDUCTION OF F <= FACTR*EPSMCH
Abuja,2023,15992001,3839646,0.3954236961038815,0.1576346768869898,-0.655233283,-0.022089205,0.5975876590576941,0.341811199905138,0.8344121210372226,0.3043976515526966,0.831358314697454,0.8313542142995214,2.89178536388574,7.750843365515118,2.8855408691675235,14.319235667502936,-12416878.34,24833764.679922976,24833823.030319847,-0.711260264,1.6939553214634269,1.3015203884163424,0.7844572113836826,141.65850734710693,9,TRUE,CONVERGENCE: RELATIVE REDUCTION OF F <= FACTR*EPSMCH
Aba,2023,15988002,1188803,-0.227404801,0.1887054466859519,-0.819522405,-0.062530667,0.4433925346341717,0.3058650494222273,0.9177435220130284,0.1552298170866899,0.9035858889684902,0.9036136982783918,2.1386489121740366,13.987304897305556,5.206994730360046,25.84288978230373,-6729266.844,13458541.687093409,13458600.036489902,-0.327192193,0.5099927309456442,0.7141377534801281,0.312327958069569,160.86694407463074,12,TRUE,CONVERGENCE: RELATIVE REDUCTION OF F <= FACTR*EPSMCH
Brazzaville,2023,15992001,2637733,-0.134830733,0.1955418913162345,-0.2154119,-0.10428157,0.4663432892652737,0.4463543050200579,0.8458838919054108,0.2323042605466662,0.8385674187989358,0.8385883294198447,2.6821124638309906,9.396997034691696,3.4981715052819053,17.363579137968383,-11430638.66,22861285.327676617,22861343.67807349,-0.616993487,1.4016488453633529,1.1839125159247843,0.6581026503037666,147.89592170715332,10,TRUE,CONVERGENCE: RELATIVE REDUCTION OF F <= FACTR*EPSMCH
Freetown,2023,15992001,1309168,0.7773154512281604,0.1681870066207172,-0.609159281,-0.044604424,0.6851012440143148,0.3522510011804877,0.9530925629822888,0.2311745587730184,0.9417661992392322,0.9417679503275822,2.5822018200853667,13.284143560856709,4.945444959424212,24.547905331127783,-4950618.16,9901244.319915658,9901302.67031253,-0.393950868,0.4994455078222456,0.7067145872431427,0.2611745231169281,144.93920707702637,10,TRUE,CONVERGENCE: RELATIVE REDUCTION OF F <= FACTR*EPSMCH
Mombasa,2023,15992001,1440396,0.3054142635449062,0.2042518074290936,0.0031485112953293,-0.097855338,0.5757655420577551,0.5007871271735918,0.948001234623365,0.2241926962669907,0.929303406121598,0.9292838756938894,3.0128482725680623,12.718230493083134,4.734546869449083,23.50085581845885,-6022285.754,12044579.507562192,12044637.857959064,-0.474261656,0.829277356418938,0.91064666936136,0.3461659045095233,162.36358094215393,13,TRUE,CONVERGENCE: RELATIVE REDUCTION OF F <= FACTR*EPSMCH
Monrovia,2023,15988002,1678020,0.9694243884371114,0.1124838569737294,-0.198973233,-0.114326143,0.7250047513297939,0.4504201574758578,0.9082390963353344,0.1760217030715314,0.9144546641913104,0.9144870702991336,2.325353751081196,11.760771653303044,4.378168147515633,21.729445868186943,-6676312.24,13352632.479207627,13352690.828604124,-0.429547065,0.6205250427662227,0.787734119336101,0.3506589620271805,152.2225193977356,11,TRUE,CONVERGENCE: RELATIVE REDUCTION OF F <= FACTR*EPSMCH
Lilongwe,2023,15996000,1276316,-0.63056678,0.2870078962478452,-0.913070704,-0.075281127,0.3473820331966827,0.2863718874251047,0.9606577361790196,0.1282426905675443,0.9309943735933984,0.9309534524773002,2.057547739021248,13.330245145667266,4.9642019771554695,24.632991766552447,-4747688.803,9495385.605943913,9495443.95734091,-0.182210296,0.367676469689096,0.6063633149268647,0.2190809752203988,209.50612688064567,13,TRUE,CONVERGENCE: RELATIVE REDUCTION OF F <= FACTR*EPSMCH
Niamey,2023,15992001,1437233,-1.32536693,0.416516280622109,-0.676670585,-0.08772185,0.20992676196042,0.3370047980956024,0.9803773130342344,0.1443591265736078,0.9321782808792972,0.9320768534850646,2.3742320937115355,12.572421030369403,4.681741426261851,23.231316762491367,-4445539.847,8891087.694392042,8891146.044788914,-0.121054532,0.4359752194378927,0.6602841959625361,0.2279406000178872,264.65836930274963,17,TRUE,CONVERGENCE: RELATIVE REDUCTION OF F <= FACTR*EPSMCH
Nouakchott,2023,15992001,1491958,-2.546827859,0.651262121547081,-0.18201304,-0.138596547,0.0726398818979184,0.4546219473027911,0.9955135710104924,0.1331183615993527,0.9333091587475514,0.9332808086093916,2.9642285189213515,12.205576359107257,4.548383382674219,22.55401863027488,-4078447.389,8156902.777293695,8156961.127690566,-0.040966915,0.5349638026934982,0.7314121975285196,0.2265524109854318,242.20669078826904,19,TRUE,CONVERGENCE: RELATIVE REDUCTION OF F <= FACTR*EPSMCH
Bujumbura,2023,15992001,1206767,-0.167209017,0.2518268088328437,-0.267607895,-0.114308346,0.4582948695095389,0.4334944472907905,0.9655499724053171,0.1351120037798226,0.9406482028108928,0.9406203528771498,2.5554272541652883,13.90001760819212,5.174478135278054,25.6819560646712,-4499153.43,8998314.860232335,8998373.210629206,-0.24938916,0.4626644728655341,0.6801944375438057,0.2322117925368191,167.2440640926361,13,TRUE,CONVERGENCE: RELATIVE REDUCTION OF F <= FACTR*EPSMCH
Oran,2023,15996000,935947,-0.088877075,0.2336313531919539,-0.271157349,-0.016932499,0.4777953456645014,0.4326229896461709,0.9632619219207228,0.3741766572862189,0.9317495623905976,0.931750774720719,3.622462064935232,14.361893739129306,5.437773986877353,26.59318166221989,-5768873.835,11537755.66949655,11537814.020893546,-0.44785114,1.0286016584910749,1.014200009116089,0.4063828280880774,170.81699514389038,12,TRUE,CONVERGENCE: RELATIVE REDUCTION OF F <= FACTR*EPSMCH
Bangui,2023,15992001,958335,-1.011469453,0.3435798951930554,-0.931117902,-0.13044825,0.2666923749437569,0.2826979714776255,0.987188660214515,0.0490486514511208,0.9577154853854748,0.957759220336214,1.861949027970436,15.588804801045312,5.803165769794631,28.805013015508017,-2640556.836,5281121.671131243,5281180.021528114,0.0572141613897371,0.1604451249440649,0.4005560197326523,0.1106925431713117,191.92404079437256,17,TRUE,CONVERGENCE: RELATIVE REDUCTION OF F <= FACTR*EPSMCH
Libreville,2023,15992001,869773,-0.640627322,0.2479160541579866,-0.58318398,-0.037602811,0.3451047460725489,0.3582002893684111,0.9683840121008896,0.2315855058283049,0.929136572715322,0.9291510090513057,2.733341686903485,16.386970632972556,6.100273903925549,30.27836134756008,-5338452.775,10676913.550812256,10676971.901209127,-0.304664652,0.6176268661780357,0.7858924011453704,0.292534496400898,153.29348373413086,11,TRUE,CONVERGENCE: RELATIVE REDUCTION OF F <= FACTR*EPSMCH
Constantine,2023,15996000,417768,0.9210573909816312,0.0997228298481607,-0.604704574,-0.007765094,0.7152575074029756,0.3532681004889239,0.9550980964166128,0.3162521183496976,0.942602525631408,0.9426088950785368,3.0290416389835864,21.422140510065866,8.121812630651185,39.67898417920346,-5112776.053,10225560.106062118,10225618.457459114,-0.454537694,0.6671403703026115,0.8167866124653437,0.3117004887260974,145.2794690132141,9,TRUE,CONVERGENCE: RELATIVE REDUCTION OF F <= FACTR*EPSMCH
Bobo-Dioulasso,2023,15996000,1128646,-1.2054535,0.4143318589488802,-0.728445229,-0.085283042,0.230506490097758,0.325536003987292,0.990980494389493,0.1252268579675779,0.951027631907977,0.9510247682689964,2.3336490664596954,14.25127878067366,5.306039788644277,26.3332767602866,-3258783.939,6517575.877505319,6517634.228902315,-0.042187161,0.2955147273061027,0.5436126629375945,0.1603606831890108,158.36016583442688,12,TRUE,CONVERGENCE: RELATIVE REDUCTION OF F <= FACTR*EPSMCH
Windhoek,2023,15996000,477267,-0.574358942,0.264187845487313,-0.518268802,-0.036582639,0.3602316313640732,0.373257134691486,0.9936293955777112,0.2146636451232151,0.9635795823955988,0.9635834306521236,2.8670965925768264,21.28799255046688,7.94509383870216,39.35273114295451,-2827436.27,5654880.540517275,5654938.891914271,-0.130199779,0.3458499956507113,0.5880901254490772,0.160869956679626,168.46416234970093,12,TRUE,CONVERGENCE: RELATIVE REDUCTION OF F <= FACTR*EPSMCH
Jakarta,2023,15992001,11248839,-1.311433421,0.2841533329352168,0.6059257249575342,-0.093243425,0.2122470796994377,0.6470108456167621,0.4949062099720938,0.545442249812989,0.4962595987831666,0.4962600859767174,4.990273363955512,4.543524241190966,1.691412196650183,8.394387870373977,-32356942.14,64713892.28347913,64713950.633876,-1.919152176,8.75075379332773,2.958167303133433,2.5577137957449465,139.19651412963867,8,TRUE,CONVERGENCE: RELATIVE REDUCTION OF F <= FACTR*EPSMCH
Delhi,2023,15996000,32941309,-0.179932501,0.2733089864784497,-0.049105542,-0.04801645,0.4551378463576646,0.487726080684347,0.6234846496097208,0.4577691518534479,0.6232110527631908,0.6232100464942921,4.152654437047503,2.5037516610898805,0.9383956503391024,4.630184654106134,-25928670.45,51857348.89809125,51857407.24948824,-1.446822522,6.082599041087056,2.466292570050653,1.9914345784564207,136.37475299835205,8,TRUE,CONVERGENCE: RELATIVE REDUCTION OF F <= FACTR*EPSMCH
Antananarivo,2016,15992001,2757316,-0.440045158,0.3874813149226644,-0.666718472,-0.135928889,0.3917302090883136,0.3392320187846774,0.9539440972824036,0.131898370371321,0.927616437742844,0.9276182432277652,2.218631809378018,8.957320419322004,3.33862218476224,16.552498841146917,-5102888.09,10205784.18097852,10205842.531375391,-0.228397129,0.4127615277365599,0.6424651957394735,0.2391804382675303,158.2789604663849,12,TRUE,CONVERGENCE: RELATIVE REDUCTION OF F <= FACTR*EPSMCH
Abidjan,2016,15992001,4658790,-0.88123986,0.4418686891332106,-0.059339467,-0.103257868,0.2929209153724244,0.4851694847868602,0.9038466360984868,0.3124066245866657,0.8604956940660522,0.8604963986954776,3.400302023395383,7.065345825473897,2.630191589434528,13.053734835765225,-10471119.27,20942246.54869751,20942304.89909438,-0.620472281,1.8085714519828653,1.3448313842199198,0.6882615437072833,167.69269633293152,12,TRUE,CONVERGENCE: RELATIVE REDUCTION OF F <= FACTR*EPSMCH
Yaounde,2016,15992001,3272870,-1.696995268,0.5653087144621332,-0.415026385,-0.149285387,0.1548581078656649,0.3977075028778286,0.9557734781833768,0.1577949270597415,0.894391139670389,0.894452840930124,2.5715688997019948,8.4382063,3.1412442311865667,15.591936678544451,-6586990.215,13173988.429344388,13174046.77974126,-0.221382332,0.6502629068536016,0.8063888062551473,0.3337245980570694,179.1982877254486,14,TRUE,CONVERGENCE: RELATIVE REDUCTION OF F <= FACTR*EPSMCH
Lusaka,2016,15996000,2294091,-1.558405975,0.4188840177965671,-0.689590077,-0.078967388,0.1738754983006244,0.3341242689244988,0.9304183412277506,0.1866035901331122,0.8751589772443111,0.8750544178347592,2.4184681993653343,9.910951726953307,3.691512410047177,18.31503324781377,-7910099.282,15820206.56494526,15820264.916342257,-0.313562995,0.7880636542970179,0.887729493875819,0.4005905168424286,179.2562220096588,14,TRUE,CONVERGENCE: RELATIVE REDUCTION OF F <= FACTR*EPSMCH
Hanoi,2016,15999999,3854847,0.0561027523715362,0.1425515124371535,-0.067960505,-0.052163021,0.5140220104073309,0.4830164100680258,0.756859722052894,0.3862856944297014,0.752341297021331,0.7523387633119183,3.62254302102768,7.572256550855726,2.8595467892386184,14.673154347527491,-18105146.46,36210300.92381148,36210359.27620835,-1.021572352,3.4919968545754325,1.8686885386750336,1.301695341917651,128.23907661437988,8,TRUE,CONVERGENCE: RELATIVE REDUCTION OF F <= FACTR*EPSMCH
Monterrey,2016,15996000,4554656,-1.18613641,0.3510926013753951,-0.0915971,-0.03659836,0.2339506477878036,0.4771167219530361,0.7703759941605361,0.4154648398866842,0.7404182920730182,0.7404084430413138,3.8932369266056703,6.826039302078585,2.561553247834384,12.99579371821623,-18232964.8,36465937.60157532,36465995.95297231,-0.990582529,3.78833990448192,1.946365819799022,1.324542953737825,138.59244418144226,8,TRUE,CONVERGENCE: RELATIVE REDUCTION OF F <= FACTR*EPSMCH
Buenos Aires,2016,15996000,14792181,-0.063772915,0.1191482452527978,0.2693598954245753,-0.177084685,0.4840621724512002,0.5669357534816575,0.5912387810659282,0.4075789344377632,0.5952148037009253,0.5952228381089029,3.7717828910952735,3.632967569342451,1.3727193347233129,6.725840826113814,-25532432.04,51064872.07365163,51064930.42504862,-1.365040721,5.1623392527821546,2.272078179284805,1.8494388751274595,148.20789647102356,9,TRUE,CONVERGENCE: RELATIVE REDUCTION OF F <= FACTR*EPSMCH
Medan,2016,15992001,2237869,-1.749505159,0.3274524561006841,0.3778139218085015,-0.098230703,0.1481096227739268,0.59334573944355,0.831248788350523,0.3485685402482172,0.7772078678584374,0.7771984351665999,3.8785332252563367,10.212196370777155,3.807167968059834,19.250926035963506,-15394747.44,30789502.87706632,30789561.22746319,-0.814890829,2.846119210206715,1.687044519331578,1.0254856072144105,144.08073496818542,10,TRUE,CONVERGENCE: RELATIVE REDUCTION OF F <= FACTR*EPSMCH
Cairo,2016,15999999,19229733,-1.181826765,0.6328037710205151,0.163294257240397,-0.115758797,0.2347238981033481,0.5407330921356162,0.7066652311226658,0.4467682073431372,0.6873048554565535,0.6873048351778652,4.197119518572603,3.257043326487924,1.2226078750936258,6.024774021251914,-21788586.57,43577181.133647375,43577239.48604424,-1.192045617,4.95585329461382,2.226174587630948,1.6428576193699882,198.6528964042664,10,TRUE,CONVERGENCE: RELATIVE REDUCTION OF F <= FACTR*EPSMCH
Lagos,2016,15992001,12634381,0.3038536842841192,0.1570724230017218,-0.082994601,-0.102240799,0.5753843106201214,0.4792632514209132,0.7265224670775654,0.3725744466784113,0.7280243416693133,0.7280285571790953,3.477301304652213,4.285897158270052,1.595510441498865,7.919649726889406,-19298741.34,38597490.68925901,38597549.03965588,-1.062108342,3.571843549055677,1.8899321546171115,1.358336609384276,135.25603008270264,9,TRUE,CONVERGENCE: RELATIVE REDUCTION OF F <= FACTR*EPSMCH
Onitsha,2016,15992001,1164996,0.8899059374224085,0.064254590339726,-0.512588224,-0.048915517,0.7088707609706968,0.3745869815805193,0.8577958204512491,0.2309036871124811,0.8658776972312595,0.8658637130988589,2.455585943109278,14.11877732727611,5.255978235929801,26.085037452132223,-9899247.014,19798502.02837385,19798560.37877072,-0.570505258,1.0173592663190536,1.0086422885835462,0.5509581882911193,130.93833112716675,9,TRUE,CONVERGENCE: RELATIVE REDUCTION OF F <= FACTR*EPSMCH
Johannesburg,2016,15996000,5146559,-0.253630124,0.1178540624223484,-0.437516534,-0.046259764,0.4369302043778346,0.3923328883695716,0.6225354787220042,0.3244366538436843,0.631369967491873,0.6313699421326372,3.050326747284794,6.397354055131414,2.3927570081245,11.829690924486504,-23119759.95,46239527.898944326,46239586.25034132,-1.195832353,3.555509052845873,1.8856057522307976,1.4173297012305377,129.13602471351624,8,TRUE,CONVERGENCE: RELATIVE REDUCTION OF F <= FACTR*EPSMCH
Kinshasa,2016,15992001,12100142,-0.274921198,0.4128191142082807,0.2273081891732569,-0.381394273,0.4316993492084067,0.5565836218514145,0.8229195598032087,0.1906185380402795,0.8263967092048081,0.8264705609643003,2.6596815000302563,4.387334544429052,1.6332505184074668,8.106432973383964,-11643983.13,23287974.26191763,23288032.6123145,-0.577525182,1.4559988304280975,1.2066477656831331,0.680991214632139,147.58368754386902,10,TRUE,CONVERGENCE: RELATIVE REDUCTION OF F <= FACTR*EPSMCH
Luanda,2016,15992001,7265449,-0.04527441,0.2646876201333255,-0.144507353,-0.14491233,0.4886833304463631,0.4639358984789518,0.8094773839577499,0.2766189771836155,0.805336868100496,0.8053425970686142,2.91050072067517,5.636426580649587,2.098356909748271,10.41574454489344,-13630710.02,27261428.037261568,27261486.38765844,-0.729195967,1.877270525498992,1.370135221610988,0.8478671253116175,133.5028944015503,9,TRUE,CONVERGENCE: RELATIVE REDUCTION OF F <= FACTR*EPSMCH
Alexandria,2016,15999999,4886344,1.172191901763006,0.1736581281758607,0.1605493266694975,-0.072282421,0.7635409837258541,0.540051338041431,0.907909813725019,0.4245690110120488,0.9024156189009762,0.9024157546626022,4.000972235565376,6.427483568192589,2.41608784003043,11.891494341809368,-8862788.341,17725584.681530084,17725643.033926956,-0.732406618,1.8878000132192696,1.3739723480548178,0.6873511352256009,134.77664637565613,9,TRUE,CONVERGENCE: RELATIVE REDUCTION OF F <= FACTR*EPSMCH
Nairobi,2016,15988002,4065018,-0.016718451,0.2044946027384948,-0.313466312,-0.096544329,0.4958204845327029,0.4222688776627881,0.8224428694670691,0.260167056513195,0.8185302328583647,0.8185108915232253,2.7589971389072425,7.578219825078368,2.8210961635776304,14.000247658785591,-13151867.65,26303743.29762168,26303801.647018176,-0.736872399,1.7117990795686258,1.3083573974906957,0.756727094057762,142.18285655975342,10,TRUE,CONVERGENCE: RELATIVE REDUCTION OF F <= FACTR*EPSMCH
Dar es Salaam,2016,15992001,5409174,0.1063001271711252,0.185287673514813,-0.273214906,-0.168097318,0.5265500358421602,0.4321180110771139,0.7891072118312863,0.201989554549416,0.8061023132752431,0.8061009012194706,2.396766072886715,6.547937880664732,2.437609061054252,12.09758649929018,-12669436.62,25338881.247292444,25338939.59768932,-0.610806635,1.2995537502435666,1.139979714838631,0.6961414123589938,132.83837175369263,9,TRUE,CONVERGENCE: RELATIVE REDUCTION OF F <= FACTR*EPSMCH
Kisumu,2016,15992001,315809,1.7760100783438788,0.0223636141865671,-1.165705118,-0.038468668,0.8552034918792307,0.2376321815721188,0.915614269085102,0.0986891842621465,0.945526141475354,0.9454785015645828,1.62583768966396,27.195370418623952,10.123848132632691,50.24869490304151,-4294665.46,8589338.920332216,8589397.270729087,-0.269844492,0.2060306464963151,0.4539059886103235,0.1627256817315682,149.96763443946838,11,TRUE,CONVERGENCE: RELATIVE REDUCTION OF F <= FACTR*EPSMCH
Accra,2016,15992001,2338452,0.0403459112939275,0.1132034400516878,-0.275108009,-0.062601549,0.5100851098217022,0.4316535185505853,0.7629745386354857,0.2891972957692821,0.7657434488654672,0.7657434264471303,2.8887097458752544,9.970643838777423,3.711741989066427,18.424210182837893,-15832417.86,31664843.72396968,31664902.074366547,-0.818659234,2.182617959687821,1.4773685930355434,0.9892716479919896,126.66708159446716,8,TRUE,CONVERGENCE: RELATIVE REDUCTION OF F <= FACTR*EPSMCH
Kano,2016,15992001,3660579,-1.507187287,0.5292221428742984,-0.280034798,-0.145667538,0.1813560112778092,0.4304452448641929,0.9354821940526198,0.1929533389661811,0.8775555354204893,0.8775753162831774,2.7671694247374536,7.900856394415867,2.941781445338255,14.597817351292562,-8038480.303,16076968.60523584,16077026.955632713,-0.352072472,0.9296903451265448,0.964204514160012,0.4306654376942154,172.81648015975952,13,TRUE,CONVERGENCE: RELATIVE REDUCTION OF F <= FACTR*EPSMCH
Algiers,2016,15996000,2625638,0.4270122869408614,0.1785194883231654,-0.684499387,0.0094124863569452,0.605160004925517,0.3352578270980107,0.8753440052309267,0.3533721749676882,0.8646322205551388,0.8646332035422225,3.21644931080203,8.5259418098289,3.235336504733609,15.791857876015346,-10679345.93,21358699.85350767,21358758.204904668,-0.683948158,1.685402642816625,1.298230581528807,0.7237978524090867,153.26266598701477,10,TRUE,CONVERGENCE: RELATIVE REDUCTION OF F <= FACTR*EPSMCH
Kampala,2016,15992001,2706790,-1.496503207,0.332154746572188,-0.499471369,-0.095094864,0.1829476373420218,0.3776649070757663,0.8304668285787012,0.2005558493018982,0.8000515382659118,0.8000720289840362,2.4777975566491617,9.28917203908525,3.458021222230212,17.16342420601339,-12082091.83,24164191.668768726,24164250.0191656,-0.510017359,1.2227958829292218,1.1058010141653976,0.625342366759504,149.5949957370758,10,TRUE,CONVERGENCE: RELATIVE REDUCTION OF F <= FACTR*EPSMCH
Addis Ababa,2016,15992001,4039927,-1.003944658,0.402004488971881,-0.296971074,-0.10173874,0.2681665618727246,0.4262980958707471,0.8843048584086974,0.2562083012795013,0.8447418806439544,0.8447406615944097,2.915974461997481,7.556601890354655,2.81322502780987,13.964223450587356,-10790027.47,21580062.943284538,21580121.29368141,-0.562842203,1.4343352833745715,1.197637375575166,0.6280678206412382,166.11780762672424,12,TRUE,CONVERGENCE: RELATIVE REDUCTION OF F <= FACTR*EPSMCH
Cape Town,2016,15999999,4207519,0.7788358543305718,0.1374601079871109,-0.46337126,-0.018741959,0.6854291596754363,0.3861863727405654,0.8479441218340423,0.3562910824125636,0.8452153028259565,0.8452122778429578,3.2977280940661524,6.836389307296694,2.5801626966928426,12.65465044722365,-12219528.34,24439064.67669198,24439123.02908885,-0.77230399,2.032071359658181,1.425507404280378,0.8486992403865562,155.02583193778992,10,TRUE,CONVERGENCE: RELATIVE REDUCTION OF F <= FACTR*EPSMCH
Ibadan,2016,15992001,3230579,-1.943870925,0.4259961035804359,-0.212006986,-0.133214794,0.1252232107308071,0.4471958875850851,0.8406825293679627,0.2075062255719959,0.7926258258738228,0.7927008603520167,2.718687355412372,8.467650547782592,3.152287214491879,15.64732280410148,-12178911.26,24357830.529106505,24357888.879503377,-0.491923869,1.399671027518942,1.1830769322064147,0.669109882216966,176.62544918060303,14,TRUE,CONVERGENCE: RELATIVE REDUCTION OF F <= FACTR*EPSMCH
Dakar,2016,15996000,2829709,1.135014989378335,0.1609531644649566,0.0545834914807886,-0.071060167,0.7567632097650833,0.5136424858847763,0.929155262057945,0.3587881759962697,0.921935296324081,0.9219356935917816,3.5505128038804443,8.939061095406279,3.329183088936736,16.517329879703393,-6947466.959,13894941.91777908,13895000.269176075,-0.585029948,1.2084906913822933,1.099313736556718,0.4957832167340469,139.0234658718109,9,TRUE,CONVERGENCE: RELATIVE REDUCTION OF F <= FACTR*EPSMCH
Kumasi,2016,15992001,2757821,-1.391856502,0.3644673848897691,-0.59710696,-0.069340031,0.1991115423471553,0.3550058544044698,0.8755403317052801,0.225646356435392,0.8319306633360015,0.8318748493724057,2.582200080736225,9.171509286764174,3.4142844453694634,16.947869514874586,-10582636.75,21165281.50022528,21165339.85062215,-0.461414753,1.147568839307148,1.071246395236478,0.5777538414987715,166.98415637016296,12,TRUE,CONVERGENCE: RELATIVE REDUCTION OF F <= FACTR*EPSMCH
Maputo,2016,15996000,1100459,0.668137456491132,0.0813518034039618,-0.613588368,-0.079310842,0.6610859791818428,0.3512410779452581,0.8574918952962686,0.1529300499710565,0.879364591147787,0.8794112598685112,2.025202572027337,13.84696282829563,5.178230219280036,25.599447766263747,-8507491.485,17014990.969513405,17015049.3209104,-0.444505541,0.6590150783761287,0.811797436788346,0.4088210210285831,152.19091796875,11,TRUE,CONVERGENCE: RELATIVE REDUCTION OF F <= FACTR*EPSMCH
Ouagadougou,2016,15992000,2305593,-1.306635011,0.4310638956933563,-0.655080695,-0.140470172,0.2130504732677398,0.3418455293389604,0.9517472663944576,0.1137937434339527,0.9082616308154076,0.9082597172097148,2.162882051421872,9.948599490618044,3.7043626359106754,18.380735540913992,-5710713.051,11421434.10274718,11421492.4531438,-0.164926101,0.4766680169482106,0.690411483789349,0.2724054932168682,176.06880497932434,14,TRUE,CONVERGENCE: RELATIVE REDUCTION OF F <= FACTR*EPSMCH
Harare,2016,15996000,1504803,-0.118997188,0.1823622814106345,-0.817682592,-0.039856725,0.4702857582285014,0.3062558026211782,0.8908167355901606,0.2137499933466431,0.8775548262065517,0.8775370787189742,2.353794712945202,12.163195691808813,4.532378699763984,22.47678017458246,-8868997.173,17738002.346596565,17738060.69799356,-0.491386874,0.8790154736681274,0.9375582508133176,0.4599002139748111,171.767094373703,13,TRUE,CONVERGENCE: RELATIVE REDUCTION OF F <= FACTR*EPSMCH
Antananarivo,2023,15992001,3872264,-0.602130066,0.4470179363965897,-0.602388969,-0.161591094,0.3538565195200467,0.353797325757293,0.941402599420538,0.1389803834142229,0.9131738423478089,0.913165851448045,2.264145236236464,7.55855715049372,2.817267375296236,13.967682590030638,-5973899.492,11947806.98327039,11947865.333667262,-0.265721023,0.5039369023083632,0.7098851331788567,0.2851171128221104,169.3932478427887,13,TRUE,CONVERGENCE: RELATIVE REDUCTION OF F <= FACTR*EPSMCH
Abidjan,2023,15992001,5686350,-0.8381124,0.4044484711530431,0.1270794191458326,-0.113732256,0.3019324831899474,0.5317271689638596,0.851752258386168,0.3542843166664796,0.8170291510111837,0.8170364066176744,3.6746024531197135,6.395186256374885,2.380713629577844,11.815566807085276,-13762125.35,27524258.7079025,27524317.05829937,-0.808404975,2.6723516983901625,1.6347329134724615,0.9537721663318396,161.1855947971344,11,TRUE,CONVERGENCE: RELATIVE REDUCTION OF F <= FACTR*EPSMCH
Yaounde,2023,15992001,4509287,-1.821319396,0.6012573182706185,-0.247190099,-0.194848528,0.1392756312569768,0.4385152318184624,0.9242147504337092,0.161388821727454,0.8630566618899036,0.863087244613925,2.6341243234012084,7.188869134447613,2.676160417898936,13.283438251391798,-8405498.666,16811005.331016175,16811063.681413047,-0.316070091,0.8801591235618311,0.9381679612744356,0.4309221752778688,155.01761627197266,11,TRUE,CONVERGENCE: RELATIVE REDUCTION OF F <= FACTR*EPSMCH
Lusaka,2023,15996000,3181250,-1.601628856,0.4277969342492175,-0.489190049,-0.10023037,0.1677540828317125,0.3800843900767965,0.88067557209019,0.2087031904674942,0.8315313203300825,0.8315147318402136,2.583158832206173,8.416311123525432,3.1348066074035743,15.552998571480096,-10511472.26,21022952.52514098,21023010.87653797,-0.449182088,1.149938137350695,1.072351685479486,0.5572428538655706,172.9754273891449,13,TRUE,CONVERGENCE: RELATIVE REDUCTION OF F <= FACTR*EPSMCH
Hanoi,2023,15999999,5253385,-0.022121145,0.147251968022868,-0.008873825,-0.044523866,0.4944699392650866,0.4977815582450078,0.7176888379237912,0.4261254282240639,0.714133232133327,0.7141319581860773,3.924340405101328,6.486482899331181,2.4495209880520377,12.569194415861212,-20749696.68,41499401.36787538,41499459.72027225,-1.167172591,4.508354273188789,2.1232885515607127,1.5684315915905556,152.56154775619507,9,TRUE,CONVERGENCE: RELATIVE REDUCTION OF F <= FACTR*EPSMCH
Monterrey,2023,15996000,5116647,-1.121528834,0.3374402493623627,-0.075575016,-0.031392962,0.245727810600496,0.4811152336916273,0.7410966727679411,0.4310044833386942,0.717417854463616,0.7174132994061934,3.9934838935760135,6.440266624269759,2.4167874162829865,12.261338213191404,-19802175.16,39604358.31902015,39604416.67041714,-1.079268179,4.280677127785824,2.068979731120105,1.464318032296783,144.1030077934265,8,TRUE,CONVERGENCE: RELATIVE REDUCTION OF F <= FACTR*EPSMCH
Buenos Aires,2023,15996000,15490415,-0.062151733,0.1145280533319205,0.2374601017243056,-0.170383498,0.4844670666058743,0.5590876366554545,0.5852685190346634,0.4091631287016515,0.5892109902475618,0.5892191325046648,3.776671550260152,3.550145075229106,1.34142479744787,6.572508625482877,-25738949.59,51477907.1833242,51477965.53472119,-1.376282732,5.199518793606788,2.280245336275636,1.8663858616018056,148.62438797950745,9,TRUE,CONVERGENCE: RELATIVE REDUCTION OF F <= FACTR*EPSMCH
Medan,2023,15992001,2439054,-1.905920909,0.3401922279939884,0.4572683360638783,-0.099497111,0.1294398107829009,0.6123659498091423,0.8056243702221594,0.3737861238038997,0.7528835197046323,0.7528763602715727,4.051290940252088,9.78195768092614,3.646772407775437,18.43988667719905,-16951808.5,33903625.00732518,33903683.35772205,-0.895783544,3.318124603934128,1.821572014479287,1.1565652779709354,145.1539077758789,10,TRUE,CONVERGENCE: RELATIVE REDUCTION OF F <= FACTR*EPSMCH
Cairo,2023,15999999,22183201,-1.15691737,0.6363715879042445,0.1783146780269006,-0.113132573,0.2392278662850814,0.5444609247983305,0.6841408073691055,0.4589035037946818,0.6684756042797253,0.668475616355527,4.277421909022527,3.032480771164992,1.138313034323026,5.609385426801008,-22965572.41,45931152.82293426,45931211.17533113,-1.259491106,5.372756310214551,2.317920686782564,1.754874459631009,213.7482144832611,10,TRUE,CONVERGENCE: RELATIVE REDUCTION OF F <= FACTR*EPSMCH
Lagos,2023,15992001,15945912,0.1816664223922384,0.1700265985187286,0.1262102944168188,-0.105869369,0.54529211060628,0.5315107567001581,0.6964219872060001,0.4310224281697058,0.696079058524321,0.6960836971730776,3.96453596318255,3.8149956656821913,1.4202079970873798,7.049499385094785,-22154033.57,44308075.1459552,44308133.49635207,-1.255669929,4.930593432018264,2.2204939612658854,1.6682282182648966,154.37751293182373,9,TRUE,CONVERGENCE: RELATIVE REDUCTION OF F <= FACTR*EPSMCH
Onitsha,2023,15992001,1623382,0.6922189851191106,0.072303195972174,-0.414324562,-0.058371792,0.6664603691138844,0.397875627138554,0.8259225341897152,0.2474088750062409,0.8344490473706199,0.8344430374616515,2.57192942298954,11.9604891893941,4.452515215257192,22.097508956985493,-11869160.08,23738328.168402184,23738386.51879905,-0.653872503,1.3496667478694346,1.161751586127359,0.6857048136139093,133.60672616958618,9,TRUE,CONVERGENCE: RELATIVE REDUCTION OF F <= FACTR*EPSMCH
Johannesburg,2023,15996000,6198016,-0.255711604,0.1164754753875597,-0.441251021,-0.037890415,0.4364181816448287,0.391442916501389,0.604268832369932,0.3402604433250279,0.6120663290822705,0.6120649611273203,3.1639865491064456,5.8295162654565535,2.180372663126021,10.779671574422702,-24222048.49,48444104.97242747,48444163.32382447,-1.267479794,3.906332818845108,1.976444489188884,1.5183344813174957,129.79289889335632,7,TRUE,CONVERGENCE: RELATIVE REDUCTION OF F <= FACTR*EPSMCH
Kinshasa,2023,15992001,16315534,-0.114890783,0.4396670606097954,0.1375461364605563,-0.404864268,0.4713088573050892,0.5343324234208734,0.8243785591441438,0.1990649580832126,0.8291152558082006,0.8291653298877084,2.6337236427693465,3.778290434723216,1.4065247928361155,6.981108427656352,-11684375.16,23368758.314226944,23368816.664623816,-0.597770791,1.4339163781033482,1.1974624746117717,0.6758441893732478,148.18396425247192,10,TRUE,CONVERGENCE: RELATIVE REDUCTION OF F <= FACTR*EPSMCH
Luanda,2023,15992001,9292336,0.5677461649182849,0.2161389958546746,-0.561428496,-0.089796626,0.6382429519867815,0.3632169976761008,0.8382100070488405,0.2671816066458877,0.8404675562489022,0.8404696840350114,2.666781251335133,4.983938000307424,1.8554452171179576,9.209988686272675,-11937166.61,23874341.212873053,23874399.563269924,-0.700744403,1.474385167661675,1.214242631298076,0.6923592001169169,158.71023678779602,10,TRUE,CONVERGENCE: RELATIVE REDUCTION OF F <= FACTR*EPSMCH
Alexandria,2023,15999999,5588477,1.154952162643167,0.1795437541790532,0.074917711688224,-0.066144142,0.760414286877188,0.5187206726713063,0.9032648881039934,0.4200375195926784,0.8980709311294331,0.8980709207133978,3.933761531457233,6.010163133450473,2.2592172985378487,11.119409351500678,-9132763.086,18265534.171014667,18265592.52341154,-0.733361589,1.9016970703651896,1.3790203299317925,0.7036070899677838,145.31247973442078,9,TRUE,CONVERGENCE: RELATIVE REDUCTION OF F <= FACTR*EPSMCH
Nairobi,2023,15988002,5325160,-0.006626608,0.1971779476056454,-0.286609551,-0.102533764,0.4983433541498742,0.4288341069216003,0.7856521856412577,0.275778572326976,0.786174845362166,0.7861589269713579,2.826163175557978,6.621129845887944,2.464806305165728,12.232088770590574,-15116755.65,30233519.297793645,30233577.647190142,-0.82185202,2.061149418139108,1.435670372383267,0.8926597418880716,125.95990467071532,8,TRUE,CONVERGENCE: RELATIVE REDUCTION OF F <= FACTR*EPSMCH
Dar es Salaam,2023,15992001,7775865,0.181684869946058,0.1558614725952082,-0.208455477,-0.182283896,0.5452966846480571,0.4480740259294438,0.7374758798451554,0.2307712044227113,0.7584489270604723,0.758450489912042,2.517122306255558,5.461295432095073,2.0330833115689235,10.08996955866684,-15348246.4,30696500.79153817,30696559.141935047,-0.73596041,1.7342364658985434,1.3169041217562285,0.8799244234303909,132.8541967868805,9,TRUE,CONVERGENCE: RELATIVE REDUCTION OF F <= FACTR*EPSMCH
Kisumu,2023,15992001,392258,1.619428972661731,0.0248951680541025,-1.134656024,-0.039591602,0.8347163631046255,0.2433028720123157,0.9026405955992032,0.1090228616346877,0.9338242287503608,0.9337755785968744,1.6673668574473937,24.4017697539825,9.08389212406588,45.08697857714908,-5074140.967,10148289.934941247,10148348.28533812,-0.302339904,0.2614863348693939,0.5113573455709753,0.2005450566319784,142.11964440345764,10,TRUE,CONVERGENCE: RELATIVE REDUCTION OF F <= FACTR*EPSMCH
Accra,2023,15992001,2660072,0.1213099030714891,0.0864238515255947,-0.099548255,-0.068905841,0.5302903385898953,0.4751334680537863,0.7169212867414297,0.3221928039428968,0.7220577962695225,0.7220600434014162,3.118967290699443,9.348474271330511,3.480128770787607,17.274536895399255,-18662293.53,37324595.05707108,37324653.40746795,-0.974582341,2.9360659224814163,1.7134952356167834,1.2195249472269811,137.05050349235535,9,TRUE,CONVERGENCE: RELATIVE REDUCTION OF F <= FACTR*EPSMCH
Kano,2023,15992001,4348481,-1.805221332,0.5628327220200344,-0.356226494,-0.145666446,0.1412166633385538,0.4118733313530572,0.9067661278704732,0.1958923562237601,0.8463109775943611,0.846346486958526,2.668598072662692,7.249036252985225,2.699084666402747,13.393498364147929,-9556552.1,19113112.199806936,19113170.550203808,-0.392789224,1.057073085692965,1.028140596267342,0.5000001501119359,164.23098373413086,12,TRUE,CONVERGENCE: RELATIVE REDUCTION OF F <= FACTR*EPSMCH
Algiers,2023,15996000,2901810,0.4640208679534743,0.170605652984392,-0.672426856,0.0140826135114245,0.6139676032457227,0.3379536403880074,0.863850583518236,0.3639604149842999,0.8548693423355839,0.854874425054537,3.296061184315381,8.110083063993851,3.0775307149187925,15.021599016970097,-11358433.01,22716874.01781649,22716932.369213488,-0.714468637,1.8672743415425823,1.3664824702653826,0.790866792257833,145.6645097732544,9,TRUE,CONVERGENCE: RELATIVE REDUCTION OF F <= FACTR*EPSMCH
Kampala,2023,15992001,3846102,-1.459899771,0.3311805667541104,-0.413128299,-0.105277302,0.1884826553842451,0.3981622514829018,0.7541604916364383,0.2255635034734524,0.7416023798397712,0.7416128969979583,2.581133486355645,7.792806437158697,2.9009786800200987,14.398618313185846,-15281027.45,30562062.89714577,30562121.24754265,-0.672357507,1.6769946146240735,1.2949882681414815,0.8209921224977221,134.3576967716217,9,TRUE,CONVERGENCE: RELATIVE REDUCTION OF F <= FACTR*EPSMCH
Addis Ababa,2023,15992001,5460591,-1.216831075,0.4459862512299247,-0.214995103,-0.107102072,0.2284946032389973,0.4464573070692993,0.8431621559375029,0.2867693336513808,0.8043331162873238,0.8043332588473211,3.092420676199744,6.499702471005886,2.4197550605507763,12.011126030512791,-13263156.92,26526321.8372665,26526380.187663373,-0.677727654,1.9494185003141344,1.396215778565095,0.807915661706352,151.00837635993958,10,TRUE,CONVERGENCE: RELATIVE REDUCTION OF F <= FACTR*EPSMCH
Cape Town,2023,15999999,4890280,0.7879336858112926,0.1392624625833363,-0.511422344,-0.005200526,0.6873874807496799,0.3748601542226001,0.8417128180650385,0.3671646172962874,0.8393213649575854,0.8393143771882988,3.366203423137334,6.341222123525911,2.393278679595088,11.738060220732706,-12671453.96,25342915.915485576,25342974.267882448,-0.796682398,2.1807542940829507,1.4767377201395482,0.8952901799037237,146.0425510406494,9,TRUE,CONVERGENCE: RELATIVE REDUCTION OF F <= FACTR*EPSMCH
Ibadan,2023,15992001,3874908,-2.093126881,0.4332530112220201,-0.226278452,-0.136138599,0.1097666489612828,0.4436705302895396,0.7784463849597733,0.2177451913246759,0.7450978773700677,0.7452146674522111,2.695202010600052,7.731654019791248,2.8782947496391365,14.287279048021544,-14474135.83,28948279.655866787,28948338.00626366,-0.594424419,1.664834118147426,1.2902845105430918,0.7873116034030723,150.93978309631348,11,TRUE,CONVERGENCE: RELATIVE REDUCTION OF F <= FACTR*EPSMCH
Dakar,2023,15996000,3429536,1.335199618477946,0.129824921486497,0.0425838508475765,-0.063511813,0.7916994120199548,0.5106443542350552,0.9160116879922752,0.3838782601509642,0.9120258814703676,0.912025732421472,3.6587347946396975,8.119795856332814,3.0240633509501142,15.003516060967488,-7786083.807,15572175.614922302,15572233.966319298,-0.634353054,1.4272345787482656,1.194669234034369,0.5761551733754631,140.63808679580688,9,TRUE,CONVERGENCE: RELATIVE REDUCTION OF F <= FACTR*EPSMCH
Kumasi,2023,15992001,3768239,-1.611554933,0.3910047625239326,-0.421633652,-0.097236605,0.1663728434201147,0.3961258976381716,0.8109681255826462,0.2342327196329474,0.7769469874345305,0.7769323666050845,2.6762774651646284,7.846114241293318,2.9208786659901644,14.498695493024318,-13545298.59,27090605.17172829,27090663.52212517,-0.595878682,1.5783444323425906,1.2563217869409853,0.7486496638818342,142.208988904953,9,TRUE,CONVERGENCE: RELATIVE REDUCTION OF F <= FACTR*EPSMCH
Maputo,2023,15996000,1162793,0.6719650053505768,0.0662605776733059,-0.643101716,-0.066082352,0.6619430170422066,0.3445457290953045,0.8270040711402552,0.1775146635817341,0.8504136659164792,0.8504450692139527,2.1059678207342665,13.470702824611486,5.037523484847372,24.90384047459373,-10268313.26,20536634.5231423,20536692.874539297,-0.521194191,0.8572756447260683,0.9258918104865538,0.5165339506348535,163.40674471855164,11,TRUE,CONVERGENCE: RELATIVE REDUCTION OF F <= FACTR*EPSMCH
Ouagadougou,2023,15992000,3203923,-1.409001717,0.4009033924961057,-0.458453952,-0.161319192,0.1963915595349458,0.3873526535510957,0.8780815980641601,0.1394466858739974,0.8477886443221611,0.8479302232077877,2.2575340034607363,8.439412890144288,3.142416760143661,15.592407413788264,-9158891.497,18317790.99379348,18317849.344190106,-0.342748942,0.8359892551789393,0.914324480246996,0.4495624481482485,172.24513745307922,13,TRUE,CONVERGENCE: RELATIVE REDUCTION OF F <= FACTR*EPSMCH
Harare,2023,15996000,1578128,-0.155630931,0.1635021958489141,-0.770282133,-0.037746518,0.4611706093612319,0.3164180784860244,0.8564764630136517,0.2281815997567768,0.8480368842210553,0.8480212135006323,2.425453821413673,11.877263884910931,4.425831763909103,21.948397130240515,-10725683.27,21451374.54210703,21451432.893504027,-0.573630635,1.1322979181954074,1.0640948821394676,0.574851762183351,166.27851486206055,12,TRUE,CONVERGENCE: RELATIVE REDUCTION OF F <= FACTR*EPSMCH
Mumbai,2016,15996000,19534652,1.2354991013751762,0.3705027975838255,-0.426219564,-0.020233006,0.7747795961388863,0.3950294251345743,0.922892311075233,0.37887938695222,0.9172771317829458,0.917279308070527,3.4798218003604804,3.365184985051706,1.2543224830833644,6.219168226906623,-7615036.569,15230081.137213863,15230139.488610862,-0.668217716,1.3047520916029531,1.1422574541682593,0.5169518167612471,149.14425373077393,10,TRUE,CONVERGENCE: RELATIVE REDUCTION OF F <= FACTR*EPSMCH
Manila,2016,15992001,13064268,-0.784696638,0.3890339540646603,0.3210353238013171,-0.135278684,0.3133085368930548,0.5795765477502015,0.6971648528360046,0.4398488020028683,0.6858326234471847,0.6858345503316593,4.169654061918747,4.160382230891442,1.5494313271277518,7.687409047267259,-21957965.94,43915939.88474505,43915998.23514192,-1.206091426,5.057224251023468,2.2488273057359183,1.6851006976590288,129.68893384933472,8,TRUE,CONVERGENCE: RELATIVE REDUCTION OF F <= FACTR*EPSMCH
Dhaka,2016,15996000,18234249,-0.373057993,0.5697510128980676,-0.258008416,-0.160102618,0.4078023097525323,0.4358533464912265,0.829387766860234,0.3084895449414381,0.8120271942985746,0.8120174294683707,3.1166071850826773,3.4301868857361435,1.2809582506259638,6.341513236405132,-13834140.97,27668289.93138193,27668348.282778926,-0.789578911,2.0948109948032525,1.447346190378533,0.8544078365257032,151.52718305587769,10,TRUE,CONVERGENCE: RELATIVE REDUCTION OF F <= FACTR*EPSMCH
Kolkata,2016,15996000,14508143,-1.231792101,0.5065388145768495,0.1082022997353956,-0.263393678,0.2258679199827986,0.5270242140431335,0.6734844737738055,0.2872499730845513,0.6721557889472368,0.6721333372196059,3.0934410155531946,3.861065503015758,1.4410259307807944,7.137127490673731,-20018107.31,40036222.61579582,40036280.967192814,-0.97812621,2.894808078175773,1.7014135529540644,1.19285118880041,146.87496781349182,10,TRUE,CONVERGENCE: RELATIVE REDUCTION OF F <= FACTR*EPSMCH
Bangkok,2016,15996000,9647526,-1.223702894,0.2297185142064896,-0.1698619,-0.032384505,0.2272854665838914,0.4576363362443321,0.4726782368647278,0.4189826741464725,0.4780735808952238,0.4780732485986227,3.824018129692702,4.850749083023213,1.8063849059166133,8.963509665494604,-31201454.71,62402917.42095205,62402975.772349045,-1.818000414,6.106505176420953,2.4711343906030185,2.0423912258470622,138.91766095161438,7,TRUE,CONVERGENCE: RELATIVE REDUCTION OF F <= FACTR*EPSMCH
Karachi,2016,15999999,14650981,-0.496694895,0.5047448110432989,-0.005699389,-0.076676883,0.3783176944862748,0.4985751566203506,0.8064702421334463,0.4260543276795557,0.7852268615766789,0.7852263674924467,3.991351338767362,3.8116897179777776,1.4243811144707976,7.046555090796198,-15889748.88,31779505.76321137,31779564.11560824,-0.909045803,3.4672542092935057,1.8620564463231253,1.239074183475613,150.17307543754578,9,TRUE,CONVERGENCE: RELATIVE REDUCTION OF F <= FACTR*EPSMCH
Bangalore,2016,15996000,10556789,-1.805427273,0.6258729699987903,-0.054771427,-0.148405291,0.1411916898818827,0.4863105653382631,0.750533271342438,0.3221204152121663,0.7168074518629658,0.7168179832371776,3.3421681661687948,4.644529864733534,1.729464576380668,8.582418685369163,-17869708.07,35739424.13164166,35739482.48303866,-0.874567548,2.8230682816114694,1.6801988815647595,1.1067071996565965,137.95448088645935,9,TRUE,CONVERGENCE: RELATIVE REDUCTION OF F <= FACTR*EPSMCH
Ho Chi Minh City,2016,15992001,7604915,-0.704309001,0.2632194264975167,0.2302768535771419,-0.096700354,0.330857560275119,0.5573161595729255,0.6773457622546158,0.4253338621573584,0.6698259961339422,0.6698232712907536,4.013456643125006,5.493172031388155,2.045169681529692,10.149790608219588,-23466800.98,46933609.9601589,46933668.31055577,-1.313423496,5.109318150904812,2.260380089919572,1.6854779505963615,141.40813899040222,8,TRUE,CONVERGENCE: RELATIVE REDUCTION OF F <= FACTR*EPSMCH
Chennai,2016,15992001,9929919,-0.143932219,0.3122653872327869,-0.045753529,-0.120627426,0.4640789369657664,0.488563612667055,0.7942855436246768,0.349048391022361,0.7844596182804141,0.7844551373460358,3.412296535865912,4.787229806984891,1.7826086808296548,8.846037862085941,-15528890.31,31057788.628006,31057846.978402864,-0.863068223,2.68636494770253,1.6390134068098805,1.077270730517128,124.68732237815856,8,TRUE,CONVERGENCE: RELATIVE REDUCTION OF F <= FACTR*EPSMCH
Hyderabad,2016,15996000,8951161,-1.558280699,0.5433757473541289,-0.08681039,-0.107500118,0.1738934940326993,0.478311021600159,0.7603910578146579,0.3489712041805027,0.7276118404601151,0.7276135925896036,3.481166807164639,4.993055681220109,1.8603859762150985,9.227590852413336,-17573320.02,35146648.04863064,35146706.40002763,-0.875973645,2.9371558523951227,1.713813248984592,1.1545262030420909,136.2967221736908,9,TRUE,CONVERGENCE: RELATIVE REDUCTION OF F <= FACTR*EPSMCH
Kuala Lumpur,2016,15992001,7081137,-0.333965186,0.2378529760682215,-0.324100868,0.0069687421093221,0.4172761463512022,0.4196766613879267,0.7371194281828274,0.4294469515937165,0.7280572331129794,0.728059975366262,3.8784690597112976,5.73890351994184,2.136387436725001,10.604234961671304,-19886438,39772883.995635554,39772942.346032426,-1.125022489,4.282523965975013,2.0694259991541166,1.4848976482858474,144.8245611190796,8,TRUE,CONVERGENCE: RELATIVE REDUCTION OF F <= FACTR*EPSMCH
Bandung,2016,15992001,2502129,-1.432522479,0.2775989292668121,0.39563888798628,-0.078996975,0.1927059570247792,0.5976394065935206,0.7755302896353156,0.4097903962825637,0.7397525175242298,0.7397416287990061,4.144154393761663,9.62658158832284,3.58370363094739,17.788843274536095,-18592369.96,37184747.91591777,37184806.26631464,-1.027860951,3.848100583662863,1.961657611221404,1.3154207182448534,155.25616216659546,11,TRUE,CONVERGENCE: RELATIVE REDUCTION OF F <= FACTR*EPSMCH
Pune,2016,15996000,5917128,-0.459850004,0.3703710438609557,-0.495864669,-0.039302354,0.3870214077490074,0.3785129780281052,0.8590720939317578,0.3237747382882411,0.8341324081020255,0.8341335815373966,3.1168818393362323,6.122115733344612,2.281663692134683,11.314777457531122,-12290971.21,24581950.42005249,24582008.771449488,-0.710269833,1.877501700619307,1.3702195811691305,0.7764741083168764,158.68510341644287,11,TRUE,CONVERGENCE: RELATIVE REDUCTION OF F <= FACTR*EPSMCH
Ahmedabad,2016,15999999,7294945,-1.495758741,0.6622353852760324,-0.106098808,-0.103790533,0.1830589447178283,0.4735001523536212,0.8913906383481907,0.3383981313893374,0.8322054270128392,0.8322241356417716,3.53324023834205,5.437317263205268,2.0297880846563943,10.050311864616832,-11744900.11,23489808.22819949,23489866.58059636,-0.62268313,1.9407342046221128,1.393102366885547,0.7576829676720223,178.04852676391602,13,TRUE,CONVERGENCE: RELATIVE REDUCTION OF F <= FACTR*EPSMCH
Surat,2016,15996000,5954102,-0.453721093,0.4947091604370272,0.1270479704189476,-0.106638766,0.3884764080553818,0.5317193384310311,0.9269922136445627,0.3731863630279789,0.8899499249812454,0.8899480501097322,3.893927438746939,6.05426460689574,2.2582697692432063,11.190872688536972,-8993758.579,17987525.15795304,17987583.509350035,-0.622094642,1.7221992541456808,1.312325894793546,0.6385339702731941,152.45092511177063,11,TRUE,CONVERGENCE: RELATIVE REDUCTION OF F <= FACTR*EPSMCH
Surabaya,2016,15992001,2868336,-0.535085479,0.2064927570783419,0.5889401132476947,-0.08172606,0.3693315638558758,0.6431219215222385,0.7893231271922471,0.4636628443745714,0.7694412350274366,0.7694424637482205,4.506991681258096,8.987897354359163,3.3459542574621555,16.60729462147869,-17972869.63,35945747.26077124,35945805.61116811,-1.081424057,4.503276579530811,2.122092500229623,1.4427053008971047,147.1011779308319,10,TRUE,CONVERGENCE: RELATIVE REDUCTION OF F <= FACTR*EPSMCH
Jaipur,2016,15999999,3520318,-0.806479915,0.3391378291538234,0.1276901761036459,-0.147528537,0.3086411111972934,0.5318792404557604,0.85932422441539,0.2669073070190536,0.8285545517846595,0.8285651511985666,3.190800134299287,7.714174612057615,2.886941275157015,14.263790529275267,-12133578.22,24267164.44166357,24267222.794060443,-0.65516602,1.8662117415414192,1.3660936064345734,0.7600719194586366,151.85158371925354,11,TRUE,CONVERGENCE: RELATIVE REDUCTION OF F <= FACTR*EPSMCH
Phnom Penh,2016,15996000,1834728,-0.228674466,0.2241381275513861,0.3039121305216368,-0.094417473,0.4430792094903476,0.5753985899786381,0.9067873210443234,0.3206550775449793,0.8790491372843211,0.8790440569475118,3.645806391589524,11.170338027776308,4.159031458173543,20.640249974498555,-10069640.82,20139289.64679702,20139347.998194017,-0.706843558,1.8580771365415023,1.3631130314619924,0.6703655168132303,161.11288332939148,12,TRUE,CONVERGENCE: RELATIVE REDUCTION OF F <= FACTR*EPSMCH
Denpasar,2016,15992001,903530,-0.215653241,0.1218102110620277,0.0115072209896398,-0.036755985,0.4462946650350606,0.502876773503211,0.849623650056547,0.3598331728543434,0.8297864663715316,0.8297781871545152,3.578493454393831,15.986390299173223,5.951469740070427,29.54187161167049,-12869154.91,25738317.82162213,25738376.172019,-0.76387777,2.2854340133587057,1.5117651978262714,0.9082911987184912,152.88219738006592,11,TRUE,CONVERGENCE: RELATIVE REDUCTION OF F <= FACTR*EPSMCH
Davao,2016,15992001,1667352,0.3771867052032922,0.229829269693055,-0.221446598,-0.077208867,0.5931943916422466,0.4448634845660567,0.9563552786560684,0.2438295542214928,0.9371115597103828,0.937105623124554,2.950011534117123,11.790754194454047,4.389372767326175,21.787190313397627,-5424790.116,10849588.232699,10849646.58309587,-0.444454368,0.7048192102280081,0.8395351155419337,0.3097195314914676,155.93733716011047,11,TRUE,CONVERGENCE: RELATIVE REDUCTION OF F <= FACTR*EPSMCH
Semarang,2016,15992001,1736895,-0.573172717,0.2188734587830461,0.1277586333474725,-0.058261193,0.3605050596392545,0.531896285157376,0.8760492408961039,0.3669438260050653,0.843436540555494,0.8434302682793876,3.767474796935653,11.553299560306607,4.300970313250748,21.34921418128712,-12130759.01,24261526.01757324,24261584.36797011,-0.74810846,2.267223288386285,1.5057301512509755,0.8496558748714429,144.22745490074158,10,TRUE,CONVERGENCE: RELATIVE REDUCTION OF F <= FACTR*EPSMCH
Palembang,2016,15992001,1611268,-1.364070366,0.3679218214407376,-0.037775235,-0.082104504,0.2035795574960603,0.4905573140974137,0.955326377076708,0.2639311492991691,0.8955127003806466,0.8955142199399645,3.366367617197529,12.0317412832597,4.47898385627082,22.230250715537885,-7541480.297,15082968.594000096,15083026.944396969,-0.408401955,1.1292809921777975,1.0626763346277162,0.458242521774922,193.2732574939728,15,TRUE,CONVERGENCE: RELATIVE REDUCTION OF F <= FACTR*EPSMCH
Makassar,2016,15992001,1478420,0.0479718916855338,0.1960367870584957,0.3785017257849058,-0.089121486,0.5119906734957769,0.5935116866469174,0.9246360002572788,0.3231257050119929,0.9004858116254495,0.9004839737697533,3.7241708877104944,12.544066795020218,4.669730587386577,23.17888502531679,-8249052.215,16498112.430445077,16498170.780841948,-0.591978397,1.5347914579376072,1.2388670057506606,0.5877486605224314,162.3399932384491,12,TRUE,CONVERGENCE: RELATIVE REDUCTION OF F <= FACTR*EPSMCH
Batam,2016,15992001,1262984,1.2910779838908009,0.097353119848012,-0.162149037,-0.015481026,0.7843295932458187,0.4595513260364054,0.9318115460938112,0.407899586397597,0.925461485401358,0.925461940989521,3.783895404439523,13.597688042250567,5.061925164181362,25.124132352077574,-7017693.283,14035394.566403689,14035452.91680056,-0.654548564,1.330452201505397,1.1534522970220298,0.5076812972467959,147.42809796333313,9,TRUE,CONVERGENCE: RELATIVE REDUCTION OF F <= FACTR*EPSMCH
Bandar Lampung,2016,15992001,1003552,0.30171293124656,0.1348566872177664,0.157798463722423,-0.072589006,0.5748612036010522,0.5393679601298135,0.9132861448684444,0.2794651996023872,0.8976455791867447,0.8976389898648044,3.245270800292268,15.221511649308358,5.66646284197206,28.1270256069546,-8372812.658,16745633.31545173,16745691.665848602,-0.585469359,1.3006967850111204,1.1404809446067568,0.5395859795856885,149.99971747398376,11,TRUE,CONVERGENCE: RELATIVE REDUCTION OF F <= FACTR*EPSMCH
Kathmandu,2016,15999999,1227249,-1.449971133,0.3212669794399707,-0.363256647,-0.128360418,0.1900060087738683,0.4101714527725353,0.93899210637938,0.1155911111963833,0.891772368235773,0.8917183675872777,2.391509907937091,13.02273564886681,4.876891583783153,24.081476227888217,-6608042.588,13216093.176300785,13216151.528697656,-0.204814274,0.5558635296495356,0.745562559178997,0.3130428215733613,197.4422743320465,16,TRUE,CONVERGENCE: RELATIVE REDUCTION OF F <= FACTR*EPSMCH
Sao Paulo,2016,15996000,21136155,-2.057079947,0.5645641679752432,0.0185168726842624,-0.002402559,0.113338944463213,0.5046290859054999,0.4360475638853295,0.5027143188882658,0.4445965241310327,0.444563953919349,4.53484048258972,3.1880545440599453,1.1904226764452877,5.893823728076972,-33753907.99,67507823.97869898,67507882.33009598,-2.071558537,7.85463516287523,2.802612203440788,2.3820359382562675,127.13845109939577,7,TRUE,CONVERGENCE: RELATIVE REDUCTION OF F <= FACTR*EPSMCH
Mexico City,2016,15996000,21419976,-1.840945144,0.5333415793145374,0.2144751291106983,-0.171718217,0.1369395504301736,0.5534141865646307,0.4677304965516649,0.4166280303535571,0.4760993998499624,0.4761013836165153,3.912432278790509,3.209364376653519,1.1963982125237724,5.9303444468074495,-30141505.73,60283019.45117466,60283077.80257165,-1.722982032,5.729514745806068,2.393640479647281,1.9661243310123573,153.2014787197113,9,TRUE,CONVERGENCE: RELATIVE REDUCTION OF F <= FACTR*EPSMCH
Rio de Janeiro,2016,15996000,13057419,0.8460481597849545,0.1009635267666473,-0.03658014,-0.065949038,0.6997374972977344,0.4908559846902088,0.7784207863993301,0.4244144364174546,0.7788697799449863,0.7788697159615365,3.875080819597653,4.06521977638329,1.517462787617463,7.514304973647736,-17125828.49,34251664.98693024,34251723.33832724,-1.026427353,3.708960133467801,1.9258660736063145,1.3280016384495923,142.7729754447937,8,TRUE,CONVERGENCE: RELATIVE REDUCTION OF F <= FACTR*EPSMCH
Lima,2016,15996000,10002049,-1.519127622,0.5895509265148114,0.0425444180343945,-0.098493038,0.1795900173849128,0.5106345004954524,0.7856528063460176,0.3945440592957394,0.7461934858714678,0.7461936418203114,3.855362548089369,4.779986541561657,1.77977898398128,8.832378820132034,-17448978.63,34897965.25604076,34898023.60743775,-0.925640315,3.4363624082972613,1.853742810720317,1.225917702531008,147.67830181121826,10,TRUE,CONVERGENCE: RELATIVE REDUCTION OF F <= FACTR*EPSMCH
Mumbai,2023,15996000,21296517,1.271486124503424,0.3906486719863979,-0.505197374,-0.035158354,0.7809970417772185,0.3763200463235279,0.9262551541837758,0.3501199464763631,0.9211759814953738,0.921179227100767,3.254030355254987,3.222979115019346,1.2013173672277515,5.956358832322542,-7160637.106,14321282.21218301,14321340.563580006,-0.622586303,1.0990108751704422,1.048337195357697,0.4623744468851975,145.8552267551422,9,TRUE,CONVERGENCE: RELATIVE REDUCTION OF F <= FACTR*EPSMCH
Manila,2023,15992001,14667089,-0.778821866,0.3904469124781166,0.2995267809499099,-0.117620027,0.3145738565232969,0.5743268304084166,0.6801065727039302,0.4595122551138565,0.6703969690847318,0.6704017216235545,4.295630516492848,3.926483797034483,1.4623216480955896,7.255219686582397,-23033045.81,46066099.625723794,46066157.976120666,-1.272112144,5.536518968069888,2.352980868615359,1.803163366600156,132.07003164291382,8,TRUE,CONVERGENCE: RELATIVE REDUCTION OF F <= FACTR*EPSMCH
Dhaka,2023,15996000,23209616,-0.427277064,0.584527988594998,-0.188159152,-0.171439801,0.3947767306442789,0.45309850482563,0.7941148555865177,0.329731178333997,0.7800423230807702,0.7800315442847843,3.255186171837941,3.0403791468238084,1.135389669102378,5.62086126661158,-16079539.27,32159086.543758698,32159144.89515569,-0.907970268,2.629807139291396,1.6216680114287867,1.018136498355726,127.42996072769164,8,TRUE,CONVERGENCE: RELATIVE REDUCTION OF F <= FACTR*EPSMCH
Kolkata,2023,15996000,15332793,-1.195534648,0.5018907402243332,0.111615771207822,-0.260029653,0.2322705301480375,0.5278750097162909,0.6658482472861338,0.2962950166975467,0.6649842460615154,0.6649588246123831,3.137461484719286,3.755799908399428,1.4017387310835616,6.942545459218543,-20767372.49,41534752.98376023,41534811.33515722,-1.035970439,3.115058021520597,1.7649526966807343,1.2410761413039408,130.8861849308014,8,TRUE,CONVERGENCE: RELATIVE REDUCTION OF F <= FACTR*EPSMCH
Bangkok,2023,15996000,11069982,-1.26299118,0.2151123953777633,-0.10142678,-0.031060472,0.2204594070068488,0.4746650205006445,0.42827821563256,0.439773695394712,0.4337940110027506,0.4337944888657868,3.997333452872138,4.5283848809209255,1.6863387400731082,8.367825454273268,-33357295.81,66714599.61679823,66714657.96819522,-2.047179581,6.756306756340478,2.5992896638005694,2.18629666723328,150.4925994873047,8,TRUE,CONVERGENCE: RELATIVE REDUCTION OF F <= FACTR*EPSMCH
Karachi,2023,15999999,17236230,-0.315723746,0.4641138502621564,0.0190068128028661,-0.079931354,0.4217182558472633,0.5047515601562819,0.7883949257816366,0.4348991435140228,0.77310736081921,0.7731069911367384,4.044367627638844,3.5142265285829786,1.3132228144585345,6.496643921041669,-16879583.12,33759174.24085709,33759232.593253955,-0.970093691,3.7801748243880016,1.9442671689837283,1.3340392047939411,141.29792833328247,8,TRUE,CONVERGENCE: RELATIVE REDUCTION OF F <= FACTR*EPSMCH
Bangalore,2023,15996000,13607800,-1.761772912,0.6350060852123127,0.0470328223629731,-0.183495612,0.1465684340876272,0.5117560385562393,0.6976100196637322,0.3310100077459845,0.6766844836209053,0.6767006825424928,3.402248753082851,4.090851565530609,1.5232936542271445,7.559301358286332,-20171400.94,40342809.88102977,40342868.23242676,-1.003719816,3.2906915026948504,1.814026323594796,1.2562862237255406,148.95872449874878,10,TRUE,CONVERGENCE: RELATIVE REDUCTION OF F <= FACTR*EPSMCH
Ho Chi Minh City,2023,15992001,9320866,-0.757455242,0.2593537031988804,0.2687581147277424,-0.092192254,0.3191990155690762,0.5667879985755273,0.6293466219592225,0.4529683107272221,0.6250953836233502,0.6250941295531639,4.208505414500102,4.961834221715031,1.847346643622779,9.168032258108452,-26125445.13,52250898.263781294,52250956.614178166,-1.469571055,6.035991392654116,2.4568254705318644,1.9237483927628327,144.17923712730408,8,TRUE,CONVERGENCE: RELATIVE REDUCTION OF F <= FACTR*EPSMCH
Chennai,2023,15992001,11776147,-0.129427115,0.3147129430360681,-0.004879412,-0.123065056,0.4676883140153579,0.4987801495054993,0.7779991271514846,0.3668229677026856,0.7695971254629111,0.7695947208953574,3.5327654024056323,4.3959780956176,1.6369192685405614,8.123067043490355,-16650152.03,33300312.06290534,33300370.413302213,-0.928912559,3.056214453388141,1.7482032071209972,1.1813973508773137,129.16149854660034,8,TRUE,CONVERGENCE: RELATIVE REDUCTION OF F <= FACTR*EPSMCH
Hyderabad,2023,15996000,10801163,-1.506834012,0.5190295029292818,-0.079734621,-0.109445809,0.1814084664875596,0.480076898970304,0.7010610853051995,0.3595752534196224,0.6813077644411103,0.6813077768202347,3.509097746263536,4.545386665035726,1.6935868830608622,8.400260499541641,-20136595.37,40273198.7402834,40273257.09168039,-1.011331867,3.452116829204083,1.8579873059857224,1.3311672339443006,144.7029378414154,9,TRUE,CONVERGENCE: RELATIVE REDUCTION OF F <= FACTR*EPSMCH
Kuala Lumpur,2023,15992001,8621724,-0.36461406,0.2496287539742324,-0.259895921,0.0075511166374032,0.4098430927624153,0.4353892933017351,0.71782424971692,0.445066919532885,0.7099181021812092,0.7099226616371342,4.015052845554743,5.200958207894766,1.9361297390117,9.610230015316247,-21218759.8,42437527.604865886,42437585.95526276,-1.203222768,4.792619934305917,2.1892053202717,1.60923768765716,153.4520902633667,8,TRUE,CONVERGENCE: RELATIVE REDUCTION OF F <= FACTR*EPSMCH
Bandung,2023,15992001,2674000,-1.542567056,0.2843935598350515,0.4584784840317923,-0.079733801,0.1761624102061774,0.6126531682529329,0.7513314000081824,0.4294713703827942,0.7178064208475224,0.7177977002245871,4.287324833142766,9.312070230854005,3.466619961797271,17.207661554447473,-20027622.24,40055252.48346276,40055310.83385963,-1.104747569,4.3360264245933005,2.082312758591586,1.4425776239949375,155.82624912261963,10,TRUE,CONVERGENCE: RELATIVE REDUCTION OF F <= FACTR*EPSMCH
Pune,2023,15996000,7166374,-0.480269787,0.3639939425352378,-0.445510535,-0.047091652,0.3821884210161124,0.3904287052621767,0.8241353670543051,0.3301558360924266,0.8042981370342586,0.8042957011968476,3.164346178037833,5.562977233812966,2.073277234115382,10.28138835387853,-14210636.46,28421280.92127944,28421339.27267643,-0.796950286,2.245793237634476,1.4985970898258398,0.9098760701619988,164.54683327674866,10,TRUE,CONVERGENCE: RELATIVE REDUCTION OF F <= FACTR*EPSMCH
Ahmedabad,2023,15999999,8650605,-1.401037689,0.6425170927161399,-0.114981115,-0.105806736,0.1976514975271637,0.4712863488492922,0.85901471316475,0.3445038013042457,0.8084250505265657,0.808438472132322,3.516052628230663,4.993125068654024,1.863968070823641,9.229269084332795,-13383140.55,26766289.09419906,26766347.446595933,-0.712279851,2.247609479470716,1.4992029480596398,0.8687309369741487,171.8119707107544,11,TRUE,CONVERGENCE: RELATIVE REDUCTION OF F <= FACTR*EPSMCH
Surat,2023,15996000,8064949,-0.496529684,0.5399823533083292,0.0455661892043414,-0.102290285,0.3783565518835413,0.5113895767090277,0.909902742665917,0.380707607562368,0.873792448112028,0.873792845762936,3.841717125285316,5.201980509819892,1.9403637086058865,9.615486833419729,-10181028.9,20362065.80477576,20362124.15617276,-0.678847519,1.9526917620244773,1.397387477410785,0.7195961452299321,186.47624969482425,12,TRUE,CONVERGENCE: RELATIVE REDUCTION OF F <= FACTR*EPSMCH
Surabaya,2023,15992001,3044413,-0.526946241,0.1956033140617538,0.635056723554075,-0.08192423,0.3712294100036434,0.653635173010416,0.7648613740930038,0.4800956258833185,0.7483351207894496,0.748337094953462,4.609478150138211,8.724113998954543,3.247754755813806,16.119891647598276,-19406214.45,38812436.89066947,38812495.24106634,-1.150988928,5.047781053549061,2.2467267420736907,1.5889946957045649,145.67626976966858,9,TRUE,CONVERGENCE: RELATIVE REDUCTION OF F <= FACTR*EPSMCH
Jaipur,2023,15999999,4207084,-0.831474533,0.3321412385663777,0.1203974146133481,-0.151060474,0.3033333782593047,0.5300630474212662,0.8193992540845718,0.2797782179376262,0.7955943622246476,0.7956136872171313,3.1846668236258173,7.056507727198849,2.6408169947663125,13.047740445445962,-14147982.36,28295972.716217466,28296031.068614338,-0.745976178,2.2083268153718167,1.4860440152875072,0.8887382182281458,150.46380734443665,10,TRUE,CONVERGENCE: RELATIVE REDUCTION OF F <= FACTR*EPSMCH
Phnom Penh,2023,15996000,2281198,-0.417123796,0.213886494657739,0.3176594148480551,-0.077914782,0.3972052049040749,0.5787537279452563,0.8488410481258474,0.3863046658263905,0.8238790947736935,0.8238770267131921,3.933589376799196,10.017761061855248,3.7298945916517767,18.51054927678421,-14120393.61,28240795.21239956,28240853.56379655,-0.896500166,2.953404176800616,1.7185471121853528,1.0137851522140684,166.13901925086975,11,TRUE,CONVERGENCE: RELATIVE REDUCTION OF F <= FACTR*EPSMCH
Denpasar,2023,15992001,1053041,-0.32678685,0.128937918700506,0.1496436725419856,-0.040651364,0.4190226367630213,0.5373412615111051,0.829563592398624,0.3888080243376239,0.809483191002802,0.8094774631017012,3.822470538230144,14.808090501818144,5.512808137454317,27.364445646077645,-14397621.64,28795251.2817298,28795309.63212667,-0.848776555,2.830002793361432,1.682261214366375,1.0602697483056998,150.70986914634705,10,TRUE,CONVERGENCE: RELATIVE REDUCTION OF F <= FACTR*EPSMCH
Davao,2023,15992001,1949400,0.3309078843033588,0.2169674008395598,-0.076103281,-0.084152109,0.5819802626670669,0.4809833570390245,0.9368389415961276,0.2701744193114038,0.9183987044523072,0.91839252513122,3.115407427615083,10.904474773408342,4.059435369699029,20.14950555645025,-6953461.572,13906931.143908722,13906989.494305594,-0.538258497,1.0032805471266033,1.0016389305166824,0.4197375764097034,148.70628237724304,10,TRUE,CONVERGENCE: RELATIVE REDUCTION OF F <= FACTR*EPSMCH
Semarang,2023,15992001,1975306,-0.670459229,0.2275166616849399,0.215454145451969,-0.058573069,0.3383940194036388,0.5536561347709709,0.8574636009657319,0.3967304117668174,0.8248074771881267,0.824803143827187,3.9836854971608098,10.83367056270084,4.033072563425191,20.01941973418949,-13525175.88,27050359.76431738,27050418.11471425,-0.822631562,2.758759140335005,1.6609512757257523,0.9883649059014468,153.47679781913757,10,TRUE,CONVERGENCE: RELATIVE REDUCTION OF F <= FACTR*EPSMCH
Palembang,2023,15992001,1818421,-1.492813532,0.378965296208744,0.0016726098740116,-0.07678964,0.1834998072073584,0.5004181523710168,0.9426344569840406,0.2956656275485138,0.8785736068925959,0.8785767639841877,3.513890612616519,11.325702687047052,4.216151120767493,20.92575000868745,-8698237.954,17396483.90754159,17396542.257938463,-0.470996456,1.3977563548317251,1.1822674633227988,0.5487621334391113,196.9558656215668,14,TRUE,CONVERGENCE: RELATIVE REDUCTION OF F <= FACTR*EPSMCH
Makassar,2023,15992001,1673094,0.0023649571655064,0.1933216500415074,0.4270399712832611,-0.086021344,0.5005912390158089,0.6051666198410524,0.907371864665326,0.3572547140106014,0.8838225435328575,0.8838224283728802,3.8937397398151687,11.79171846372857,4.389656822441601,21.788698273686787,-9544311.703,19088631.405265428,19088689.7556623,-0.661339209,1.9214624343219675,1.3861682561370274,0.7120140718192145,163.10942006111145,11,TRUE,CONVERGENCE: RELATIVE REDUCTION OF F <= FACTR*EPSMCH
Batam,2023,15992001,1748142,1.063040018304945,0.1246414092580125,-0.074413736,-0.022272953,0.7432710680031442,0.4814051457765441,0.9243953497025986,0.4177929063103592,0.9160837346120726,0.916083836627557,3.895084833035144,11.55781248689854,4.302553617095494,21.355101670156607,-7775097.854,15550203.708044788,15550262.05844166,-0.686791885,1.5559848593309245,1.2473912214421443,0.5776250712782527,154.88315296173096,9,TRUE,CONVERGENCE: RELATIVE REDUCTION OF F <= FACTR*EPSMCH
Bandar Lampung,2023,15992001,1162242,0.1646042115601642,0.1415141830895286,0.1885209079660736,-0.069598532,0.5410583898553564,0.5469911367555433,0.8971742205737278,0.3109038664917991,0.8799658654348508,0.8799619058827577,3.414525319522022,14.144234306151851,5.265428294540208,26.136381831562428,-9674228.934,19348465.867965635,19348524.218362503,-0.648374077,1.6321278216345827,1.27754758096698,0.6543263244696543,153.78943586349487,10,TRUE,CONVERGENCE: RELATIVE REDUCTION OF F <= FACTR*EPSMCH
Kathmandu,2023,15999999,1571010,-1.678366884,0.3453157823809355,-0.290042228,-0.128851827,0.1573118414996482,0.4279935289384995,0.908566177861397,0.145152318903254,0.8577792411112025,0.8577351094882174,2.5037011125310475,11.510099913063916,4.310423777925757,21.28432956874043,-8597100.284,17194208.56860343,17194266.9210003,-0.313820086,0.8014559413628403,0.8952407169933907,0.4183472431852628,188.45718002319336,15,TRUE,CONVERGENCE: RELATIVE REDUCTION OF F <= FACTR*EPSMCH
Sao Paulo,2023,15996000,22619736,-2.029767201,0.5598662885482485,-0.005780702,0.03090166609519,0.1161128122015447,0.4985548285528855,0.4244800364975976,0.5223475945925353,0.4331597899474869,0.4331208477401089,4.6874445803191644,3.0817327217560027,1.1507220042885926,5.6972643309754,-34705355.54,69410719.08414304,69410777.43554004,-2.171111115,8.406705294163334,2.899431891623484,2.4910176819366177,149.92821836471558,8,TRUE,CONVERGENCE: RELATIVE REDUCTION OF F <= FACTR*EPSMCH
Mexico City,2023,15996000,22281442,-1.838896137,0.5252850244172561,0.1775381303995609,-0.154836326,0.1371818967971375,0.5442683163101995,0.4536395642175885,0.4231911273953388,0.4625011252813203,0.4625026626838737,3.9461543328597255,3.1467110899936004,1.1730420985487495,5.814572123377707,-30764876.35,61529760.69146732,61529819.04286431,-1.786029066,5.901275734775789,2.4292541519519504,2.0098012168042234,152.24268889427185,9,TRUE,CONVERGENCE: RELATIVE REDUCTION OF F <= FACTR*EPSMCH
Rio de Janeiro,2023,15996000,13727720,0.8548670227104487,0.0955263230710475,-0.056067082,-0.043357054,0.7015871138859235,0.4859869000680392,0.7744485602858981,0.443254025790914,0.7746600400100025,0.7746603025501548,4.026205577524776,3.964728873996472,1.4799516041503131,7.328553814018309,-17576802.26,35153612.52615004,35153670.87754703,-1.059328863,4.0242347997262025,2.006049550665736,1.4007330963094011,151.4323751926422,8,TRUE,CONVERGENCE: RELATIVE REDUCTION OF F <= FACTR*EPSMCH
Lima,2023,15996000,11204382,-1.279528839,0.5942777056583683,0.0173187276526111,-0.08830933,0.2176304363042632,0.5043295736966026,0.8028769195823368,0.4057633385480412,0.765136784196049,0.7651364974878907,3.910429208128464,4.5162420403778905,1.6815764228931516,8.34503616217119,-16927640.84,33855289.68094466,33855348.03234165,-0.941421679,3.4701188938739085,1.862825513534188,1.20250376319085,136.3564965724945,8,TRUE,CONVERGENCE: RELATIVE REDUCTION OF F <= FACTR*EPSMCH
Bogota,2016,15992001,9988963,-0.524747726,0.4571537616024475,-0.033231317,-0.053031953,0.3717427283014219,0.4916929353055204,0.8432081255392335,0.4281854231160462,0.815864318667814,0.8158633221842623,4.0132573866657975,4.827789773582076,1.7972182417310374,8.920916017416543,-14293498.41,28587004.822324887,28587063.17272176,-0.871393122,3.1301143970992977,1.7692129315317864,1.0903676706515486,156.6666624546051,10,TRUE,CONVERGENCE: RELATIVE REDUCTION OF F <= FACTR*EPSMCH
Guadalajara,2016,15996000,4870569,-2.112618248,0.5093340212982278,0.1765594692056016,-0.119821319,0.1078764300854767,0.5440255583804334,0.7862565945170408,0.3482246747821615,0.7346062140535133,0.7345968478978488,3.702462217086011,6.705079662392893,2.500542245224386,12.393512146764062,-17198538.93,34397085.852420755,34397144.20381775,-0.858164602,2.906586364392968,1.704871363004543,1.092069907817765,134.5622673034668,9,TRUE,CONVERGENCE: RELATIVE REDUCTION OF F <= FACTR*EPSMCH
Belo Horizonte,2016,15996000,5826257,-1.260544962,0.4128258641010269,-0.012917443,-0.090826347,0.2208800943354007,0.4967706841444647,0.7817931398881598,0.3610019103772022,0.7501959239809952,0.7501947915338567,3.5940251750183814,6.144701310023971,2.290983475247689,11.3568824120332,-16999861.21,33999730.42780106,33999788.77919805,-0.890623706,3.065375077455434,1.750821257997353,1.1544041615647576,135.04350566864014,9,TRUE,CONVERGENCE: RELATIVE REDUCTION OF F <= FACTR*EPSMCH
Brasilia,2016,15992001,4266576,0.9819540324289028,0.1447246427189913,-0.521506284,-0.009035241,0.7274957669771,0.3725000816881841,0.8841842624328288,0.3572998912565348,0.8803199174387245,0.8803197187683574,3.293740503802659,7.260069684822713,2.7042728805913248,13.414488301901162,-10196249.45,20392506.90503288,20392565.255429752,-0.740668332,1.6802754520839234,1.2962543932746855,0.6815337731362734,145.02990460395813,9,TRUE,CONVERGENCE: RELATIVE REDUCTION OF F <= FACTR*EPSMCH
Guatemala City,2016,15996000,2775437,-0.558570625,0.2735353150715928,-0.048294875,-0.076897684,0.3638782539976037,0.4879286274587982,0.8710776937971559,0.3224754136590968,0.8411912353088272,0.8411882850151048,3.3811254947732654,9.026592607954717,3.3617709562413616,16.68051479810788,-12041847.38,24083702.7665838,24083761.1179808,-0.719950086,2.004269392485068,1.4157222158619494,0.7833723067594003,158.1707215309143,11,TRUE,CONVERGENCE: RELATIVE REDUCTION OF F <= FACTR*EPSMCH
Salvador,2016,15996000,3646672,0.3651919385403301,0.26531218613157,0.1020366102584098,-0.075007222,0.5902966724008696,0.5254870432689777,0.9214195959986614,0.3797286893946429,0.9029161665416354,0.9029151519021478,3.8029927499415623,7.90239323925709,2.94258211889204,14.602501762666934,-8377734.685,16755477.370573929,16755535.721970923,-0.6437338,1.6241860185281922,1.274435568606037,0.6149553074051565,149.9900643825531,10,TRUE,CONVERGENCE: RELATIVE REDUCTION OF F <= FACTR*EPSMCH
La Paz,2016,15996000,1767866,-0.876412547,0.320506710145627,-0.435523345,-0.09198664,0.2939217385655839,0.3928081820355789,0.9389260201521972,0.1867393000132828,0.8983662165541385,0.8983641287342597,2.585232885576607,11.260492242555998,4.194897316245859,20.80972747975647,-6947716.507,13895441.014775315,13895499.366172314,-0.321558767,0.7192456617203581,0.8480835228445122,0.373666124192033,163.28426575660706,12,TRUE,CONVERGENCE: RELATIVE REDUCTION OF F <= FACTR*EPSMCH
Guayaquil,2016,15992001,2790791,-0.963417879,0.4042954350609575,0.2034775073147787,-0.087639293,0.2761944005945742,0.5506945879986259,0.9389959963796108,0.3548047074340515,0.8881861000383879,0.8881868673996038,3.938139215984538,9.1450194070513,3.4043594507075663,16.897063685915164,-8616698.954,17233405.908288177,17233464.25868505,-0.53818695,1.7612828802624036,1.3271333317577416,0.6318512468028203,188.46526265144348,14,TRUE,CONVERGENCE: RELATIVE REDUCTION OF F <= FACTR*EPSMCH
Santo Domingo,2016,15996000,3018681,-0.769718045,0.3623200856700461,-0.22894548,-0.094521357,0.316540101866524,0.4430123351407463,0.9118390704414708,0.2612971828813454,0.8726215928982246,0.8726279052447035,3.0156644393129968,8.572579317385243,3.194890696962604,15.843652946672856,-9233360.303,18466728.606717143,18466786.95811414,-0.513557386,1.2938972008284098,1.1374960223352035,0.5588497891150362,157.09442329406738,11,TRUE,CONVERGENCE: RELATIVE REDUCTION OF F <= FACTR*EPSMCH
Medellin,2016,15992001,3800264,-0.25622866,0.3295476670984536,-0.007317885,-0.098954998,0.4362910121643626,0.4981705368336724,0.910492084522052,0.3141490317239044,0.8818037842794032,0.881792149956622,3.40985475564942,7.816431611623143,2.909815299197556,14.443699315302306,-9741496.152,19483000.304997277,19483058.655394144,-0.676636066,1.602131890670745,1.2657534873231615,0.6089482537645977,142.07552886009216,10,TRUE,CONVERGENCE: RELATIVE REDUCTION OF F <= FACTR*EPSMCH
Cali,2016,15992001,2623339,-0.61004845,0.3953548042655894,0.3374732589822103,-0.128151489,0.3520481459325282,0.5835766170647226,0.9575912669952268,0.2951201076343228,0.9159145875491128,0.9159064203025148,3.83228898173116,9.427266688144387,3.5094338374847505,17.41892590160798,-6904076.146,13808160.292794766,13808218.643191636,-0.495728339,1.2680733163670328,1.1260876148715218,0.4637475139458223,166.7342689037323,13,TRUE,CONVERGENCE: RELATIVE REDUCTION OF F <= FACTR*EPSMCH
Quito,2016,15992001,1763259,-0.226298674,0.1825454348228478,-0.347871668,-0.052280515,0.4436655389196653,0.4138986310161996,0.8669973372993015,0.2789688038699772,0.8485104521941939,0.8485131093220738,2.917372548161681,11.509274025807423,4.284484794100177,21.265724608551363,-11233305.6,22466619.20979639,22466677.560193263,-0.65167858,1.5492561056746468,1.2446911687943507,0.6794604936983123,195.57379722595212,10,TRUE,CONVERGENCE: RELATIVE REDUCTION OF F <= FACTR*EPSMCH
Tegucigalpa,2016,15996000,1274860,-0.316623754,0.296278574044652,-0.307504395,-0.082256741,0.4214987845812336,0.4237240042225869,0.9742696382117748,0.1971294456229685,0.9424882470617656,0.9424888409083008,2.85734022640164,13.33420812019356,4.965746393128898,24.64040511875367,-4571529.604,9143067.208702585,9143125.56009958,-0.298668653,0.540424059845874,0.7351354023891613,0.2456773417216785,194.8437614440918,14,TRUE,CONVERGENCE: RELATIVE REDUCTION OF F <= FACTR*EPSMCH
Leon,2016,15996000,1735927,-0.992391337,0.338351973024454,-0.153629112,-0.061495819,0.2704400026053444,0.4616680845073035,0.9428052686775332,0.3008326554876896,0.8921619154788697,0.8921831634656933,3.373182150728879,11.215508153618126,4.183306614015397,20.727479488019583,-8192379.198,16384766.39681279,16384824.748209786,-0.497645284,1.206767950219103,1.098529904107805,0.4923601109282184,188.14530038833615,13,TRUE,CONVERGENCE: RELATIVE REDUCTION OF F <= FACTR*EPSMCH
Puebla,2016,15996000,3001427,-1.626499938,0.413160223869441,-0.0838867,-0.13456131,0.1643103989177366,0.4790406143583922,0.8721133255124585,0.2246334891518195,0.8207191797949487,0.8207032649855867,2.93751917862483,8.583291888020069,3.1993596492089265,15.863789367223015,-11635208.87,23270425.74057785,23270484.09197485,-0.546630947,1.4731043553991798,1.2137151047091652,0.6413562270451612,191.7555406093597,14,TRUE,CONVERGENCE: RELATIVE REDUCTION OF F <= FACTR*EPSMCH
San Jose,2016,15992001,1748592,-0.903954706,0.2398475116661201,-0.108043132,-0.047786302,0.2882384826214105,0.4730154617884905,0.8638156913691953,0.3415931547436381,0.8257829023397385,0.8257848407636481,3.4764985212197783,11.471058980929064,4.270651414228367,21.195654060935667,-12795240.17,25590488.34102789,25590546.69142476,-0.729912672,2.1542632439155964,1.467740864020484,0.8382657594138735,181.0492489337921,12,TRUE,CONVERGENCE: RELATIVE REDUCTION OF F <= FACTR*EPSMCH
Managua,2016,15992001,1033622,-0.448225804,0.2402532513027487,-0.500218732,-0.030361483,0.3897826797507416,0.3774892673264205,0.9578383275075256,0.2785740570238521,0.9211885992253253,0.9212393893349756,2.9756782232265278,14.865119262204066,5.534881079929055,27.467785238450546,-6171096.111,12342200.221926192,12342258.572323063,-0.398865223,0.7811643565864497,0.8838350279245837,0.3543147167408312,165.27132606506348,11,TRUE,CONVERGENCE: RELATIVE REDUCTION OF F <= FACTR*EPSMCH
Port-au-Prince,2016,15996000,2502942,-0.579167687,0.3454946891028076,-0.394948155,-0.147764619,0.3591241313919011,0.4025267028212458,0.935406128121424,0.1435873991482053,0.9075211302825706,0.907532909815036,2.381927300357198,9.412674180774369,3.508042395894211,17.392801106841034,-6377611.678,12755231.355118155,12755289.706515154,-0.293491496,0.6070838170530545,0.7791558361798071,0.3269853753965641,177.92999386787417,13,TRUE,CONVERGENCE: RELATIVE REDUCTION OF F <= FACTR*EPSMCH
Merida,2016,15996000,328409,-2.036962253,0.202406363792312,-0.384164464,-0.029063785,0.1153764166757895,0.4051228728994995,0.960257028297014,0.2434311688339644,0.884178607151788,0.8842968153791978,2.9846249674120555,25.798251245474592,9.62201350867032,47.68328447403032,-7435139.566,14870287.131319305,14870345.4827163,-0.296490445,0.8995495554589041,0.9484458632198804,0.4077411735219008,169.39531755447388,11,TRUE,CONVERGENCE: RELATIVE REDUCTION OF F <= FACTR*EPSMCH
Cancun,2016,15996000,829027,-0.763491134,0.3372119099697955,-0.491451027,-0.034384346,0.3178887835124825,0.3795518024796868,0.9910626803017027,0.2593373482914478,0.955043260815204,0.9550292892625492,3.0343666217975103,16.22728326090073,6.052754099929936,29.99466667526748,-3453041.368,6906090.735920257,6906149.0873172525,-0.177110462,0.4734521507069402,0.6880785934084421,0.2085156426393751,171.79457449913025,10,TRUE,CONVERGENCE: RELATIVE REDUCTION OF F <= FACTR*EPSMCH
Queretaro,2016,15996000,1237901,-0.584763217,0.2378935437021696,-0.24792771,-0.052098062,0.35783731555737,0.4383336257816962,0.9295656744231906,0.2806962523445483,0.8915009377344336,0.8915037575640428,3.130348805653075,13.303429359011854,4.961135712848207,24.58962413087344,-8345722.891,16691453.78299395,16691512.134390946,-0.519482278,1.189303186193344,1.0905517806107805,0.4997018271116494,190.17235136032104,13,TRUE,CONVERGENCE: RELATIVE REDUCTION OF F <= FACTR*EPSMCH
Acapulco,2016,15996000,931429,-0.230580263,0.2695030657046112,-0.585048299,-0.045293992,0.442608986118573,0.3577718092516856,0.9810456285662776,0.2163469781972175,0.9515592023005752,0.951560548063934,2.698536120765197,15.499506973738988,5.7744403188752855,28.643997567033423,-3843537.385,7687082.770237911,7687141.121634907,-0.239211523,0.4331018274204075,0.6581047237487416,0.210643763904593,184.41214299201965,13,TRUE,CONVERGENCE: RELATIVE REDUCTION OF F <= FACTR*EPSMCH
San Salvador,2016,15992001,1101602,-0.35671716,0.2011641573132505,-0.077058086,-0.060481916,0.4117544806760038,0.4807450055954404,0.9262857500742412,0.2798363153194453,0.8941652767530467,0.8941513564534528,3.2308170887126746,14.354961836506796,5.345624457803231,26.5264539144641,-8420851.38,16841710.759587362,16841769.109984234,-0.559193433,1.2522855416959873,1.1190556472740698,0.510497956973198,159.83721613883972,11,TRUE,CONVERGENCE: RELATIVE REDUCTION OF F <= FACTR*EPSMCH
Asuncion,2016,15999999,3050044,0.1264153496247659,0.1818290751094132,-0.258055135,-0.11718247,0.5315618165670315,0.4358418590527432,0.8379365755223049,0.225235674113932,0.8387823649238978,0.8387681436576155,2.5893012628116807,8.340466417771546,3.117600379519904,15.419361443048748,-11386508.74,22773025.48089598,22773083.833292853,-0.611237129,1.30354346084635,1.1417282780269349,0.6431932566648682,162.02857565879822,10,TRUE,CONVERGENCE: RELATIVE REDUCTION OF F <= FACTR*EPSMCH
Bogota,2023,15992001,11507960,-0.463178007,0.4573986611019163,-0.002146317,-0.053053649,0.3862321836606979,0.4994634210794578,0.8311996644186046,0.4400951032423053,0.8069167829591807,0.8069164875110627,4.09932032228907,4.497895703365041,1.6744101517688073,8.311329139554982,-15162919.77,30325847.53287769,30325905.883274566,-0.932399003,3.435085464412488,1.853398355565389,1.1672481989204722,195.2399435043335,11,TRUE,CONVERGENCE: RELATIVE REDUCTION OF F <= FACTR*EPSMCH
Guadalajara,2023,15996000,5419880,-2.060392815,0.5043147796470954,0.147373287929819,-0.115889743,0.1130064498442764,0.5367767835004045,0.7586226738289107,0.3568075365686512,0.7149971242810703,0.7149890167914069,3.700579261779032,6.356220528836301,2.3704413299462663,11.748689098129296,-18448604.36,36897216.72808165,36897275.07947864,-0.929876643,3.167463955843868,1.779737046825701,1.1760889580615754,164.1120491027832,10,TRUE,CONVERGENCE: RELATIVE REDUCTION OF F <= FACTR*EPSMCH
Belo Horizonte,2023,15996000,6247889,-1.284203456,0.4154815477365045,0.0458541268214123,-0.087904967,0.2168355519868888,0.5114615235248744,0.7651560351908848,0.3832558215843588,0.7354392973243311,0.7354385172165424,3.755076250386055,5.933745880162116,2.212331091764133,10.966986159922026,-18045361.3,36090730.604665525,36090788.95606252,-0.952525119,3.468282501487543,1.8623325432069169,1.2645420876591824,162.20600819587708,10,TRUE,CONVERGENCE: RELATIVE REDUCTION OF F <= FACTR*EPSMCH
Brasilia,2023,15992001,4873048,0.970273572218695,0.136461518759878,-0.504425775,-0.007365611,0.7251740231775803,0.3765011604338916,0.8695852155427525,0.3648296936906988,0.8668044730612511,0.8668042346502577,3.3508473693031613,6.793290516015799,2.5304042674471967,12.552016731880071,-11193264.99,22386537.98213115,22386596.33252802,-0.783638283,1.9112595391342373,1.3824831062744447,0.7620445123498216,162.99916100502014,9,TRUE,CONVERGENCE: RELATIVE REDUCTION OF F <= FACTR*EPSMCH
Guatemala City,2023,15996000,3095099,-0.570529754,0.2674698290594122,-0.066736908,-0.070239765,0.3611145958517711,0.4833219626248635,0.8475790255556864,0.3391398974978731,0.8208060140035008,0.8208037356578728,3.437711655823167,8.547758755229797,3.1834390198311944,15.795663169911569,-13471634.15,26943276.292676423,26943334.644073423,-0.79124427,2.3265931502622634,1.5253173932864803,0.8911751015142413,179.60969614982605,11,TRUE,CONVERGENCE: RELATIVE REDUCTION OF F <= FACTR*EPSMCH
Salvador,2023,15996000,3958384,0.3840138284451753,0.2611398613067514,0.2010863682407792,-0.07611377,0.5948408236219324,0.5501028768730734,0.9140975705848288,0.4070373328241299,0.8965023130782696,0.8965016254074522,4.012813876242865,7.584868001755851,2.824346534066265,14.01576016427759,-9040588.453,18081184.90645853,18081243.257855527,-0.698757254,1.9131691783282083,1.383173589369103,0.6910528227410234,168.8470892906189,10,TRUE,CONVERGENCE: RELATIVE REDUCTION OF F <= FACTR*EPSMCH
La Paz,2023,15996000,1935619,-0.925419465,0.3110544407734479,-0.36938441,-0.08225132,0.2838549290186,0.4086897781072708,0.9184886668035362,0.2219168619064049,0.8770900850212553,0.8770894420143259,2.750025812955509,10.761482634501856,4.00900010851147,19.887542753751134,-8405880.168,16811768.33689052,16811826.688287515,-0.41004263,0.9741735564817872,0.98700230824542,0.4774615872895301,182.60352063179016,12,TRUE,CONVERGENCE: RELATIVE REDUCTION OF F <= FACTR*EPSMCH
Guayaquil,2023,15992001,3142466,-0.905531858,0.3926514378359769,0.3287513254923045,-0.087302899,0.2879150267211371,0.5814555241180567,0.9226128474061536,0.3956469382610408,0.8742306857034339,0.8742308402860723,4.209183300576791,8.61812908040169,3.208217268479364,15.92353929973111,-9828712.141,19657432.28140841,19657490.63180528,-0.624793786,2.218124425653508,1.4893369080411285,0.7609056799166588,187.24520707130432,12,TRUE,CONVERGENCE: RELATIVE REDUCTION OF F <= FACTR*EPSMCH
Santo Domingo,2023,15996000,3523890,-0.75093618,0.3598425155143872,-0.154692286,-0.103855837,0.3206173460446161,0.4614038639139699,0.8913072862278084,0.2731465743410891,0.8554725556389098,0.8554811112895193,3.0875774970900065,7.934306097536324,2.957014429305344,14.664010390326554,-10438596.95,20877201.906062298,20877260.25745929,-0.579711986,1.5278672717734203,1.2360692827561974,0.6443880670215931,175.78162693977356,12,TRUE,CONVERGENCE: RELATIVE REDUCTION OF F <= FACTR*EPSMCH
Medellin,2023,15992001,4102308,-0.249129568,0.31870191291698846,0.01350936710395323,-0.106940547,0.43803775376536525,0.503377290412342,0.8955305225848507,0.31194898783685227,0.8694296604908917,0.8694153626430209,3.377627592033068,7.5231770792863895,2.8006457232129436,13.901804944778625,-10640228.36,21280464.711616706,21280523.062013578,-0.717159595,1.744296721194143,1.3207182595823164,0.6622375282898366,150.29857683181763,11,TRUE,CONVERGENCE: RELATIVE REDUCTION OF F <= FACTR*EPSMCH
Cali,2023,15992001,2863730,-0.529452051,0.37318116212164054,0.31887081364831127,-0.124710138,0.37064469740046513,0.5790490361594984,0.9446809872727326,0.30866276963332884,0.9052868368379917,0.9052782555468972,3.7979827722917396,9.022917081693418,3.3589089570504886,16.67180204629461,-7815723.576,15631455.152383557,15631513.502780428,-0.559889217,1.4341743837861736,1.197570199940769,0.5234513180266601,168.5803563594818,13,TRUE,CONVERGENCE: RELATIVE REDUCTION OF F <= FACTR*EPSMCH
Quito,2023,15992001,1956995,-0.273329596,0.18322522781386716,-0.291409086,-0.053703855,0.4320898673066588,0.42765893461922333,0.849202328522951,0.29356963541044306,0.8317529494901857,0.8317568317377458,3.015587560725145,10.924740428698517,4.066884161528713,20.185679900892943,-12363687.81,24727383.625196114,24727441.975592986,-0.706299309,1.8003549479546275,1.341773061271774,0.7676148833094583,151.6055200099945,10,TRUE,CONVERGENCE: RELATIVE REDUCTION OF F <= FACTR*EPSMCH
Tegucigalpa,2023,15996000,1568025,-0.314064437,0.2983379979542794,-0.232431886,-0.092647607,0.42212296719963677,0.44215222768605333,0.9634883422523424,0.20646651418188983,0.9314421105276319,0.9314289521332584,2.9040406619419836,12.023252988295518,4.477538120159242,22.217879142609824,-5383022.333,10766052.666365819,10766111.017762816,-0.346670748,0.6506403281044093,0.8066227917089929,0.29618468607734777,146.7553789615631,11,TRUE,CONVERGENCE: RELATIVE REDUCTION OF F <= FACTR*EPSMCH
Leon,2023,15996000,1898749,-1.024736112,0.33289316643111305,-0.176900776,-0.050776171,0.2641058905266318,0.4558897777655258,0.9272478006364672,0.32708101922386434,0.8764486121530383,0.8764779034678437,3.4481492950562864,10.723854314871968,3.9999231482591444,19.81884969450198,-9443208.296,18886424.592719927,18886482.944116924,-0.578717104,1.483575714927131,1.2180212292596262,0.579930228147946,177.28329300880432,13,TRUE,CONVERGENCE: RELATIVE REDUCTION OF F <= FACTR*EPSMCH
Puebla,2023,15996000,3344761,-1.711665112,0.426873160135958,-0.152693869,-0.125885107,0.15294786782096936,0.4619005295321468,0.8531057739642783,0.23572800957369058,0.8033439609902475,0.8033395597544023,2.916603564854993,8.130836513200641,3.0307101976757576,15.027553473367256,-12610208.15,25220424.30167353,25220482.653070528,-0.59024574,1.6019049000179069,1.2656638179303012,0.6935599382738796,178.85281085968018,14,TRUE,CONVERGENCE: RELATIVE REDUCTION OF F <= FACTR*EPSMCH
San Jose,2023,15992001,1820701,-0.964689305,0.23755353697362677,-0.065672551,-0.04827896,0.27594030093781985,0.48358776047386354,0.8462900103956453,0.3524229654026071,0.8095262125108672,0.8095268635628619,3.551588824503284,11.241608098321365,4.18522732758307,20.771686096006338,-13885260.41,27770528.813301936,27770587.163698807,-0.783212958,2.422251711905445,1.556358477955977,0.9230126082752743,161.17492079734802,11,TRUE,CONVERGENCE: RELATIVE REDUCTION OF F <= FACTR*EPSMCH
Managua,2023,15992001,1094510,-0.448819709,0.23571193070816648,-0.466376485,-0.03122604,0.3896414274077586,0.3854742387683776,0.9505561942043728,0.285475854440641,0.9140016311904933,0.9140433189252815,3.0200860039293644,14.445727000181636,5.378724492471075,26.692831712635844,-6733549.174,13467106.347539518,13467164.69793639,-0.436171402,0.8819511191144512,0.9391225261457906,0.3927630357557374,167.1945776939392,12,TRUE,CONVERGENCE: RELATIVE REDUCTION OF F <= FACTR*EPSMCH
Port-au-Prince,2023,15996000,2987455,-0.621146528,0.35122232322066055,-0.437293951,-0.150345774,0.34952073646313303,0.39238595504870327,0.9171971440633329,0.15025281381574856,0.8925486371592898,0.8925700315597649,2.339324944495902,8.615643745801425,3.210994341005633,15.920043039861719,-7247696.953,14495401.905201415,14495460.256598411,-0.328124944,0.6767277369470256,0.8226346315023612,0.3704515511282163,165.26733899116516,12,TRUE,CONVERGENCE: RELATIVE REDUCTION OF F <= FACTR*EPSMCH
Merida,2023,15996000,355046,-2.001395411,0.19412390401962853,-0.439097631,-0.025694397,0.11905649061836944,0.391956006704988,0.9434883454335917,0.25414660537289036,0.8678040135033759,0.8679205316246708,2.942880166385527,24.811640562727995,9.254035802474617,45.85971754296658,-8464278.493,16928564.986600798,16928623.337997794,-0.354918156,1.0348459569962536,1.017273786645588,0.46758926440946913,175.3759298324585,13,TRUE,CONVERGENCE: RELATIVE REDUCTION OF F <= FACTR*EPSMCH
Cancun,2023,15996000,1022604,-0.787903376,0.347324861879935,-0.460393071,-0.035300268,0.3126190324677325,0.3868925805598839,0.9864378692483464,0.2736541688132406,0.9467796949237309,0.946763711160143,3.092338649049937,14.610881252897206,5.4498383977896445,27.006893635024987,-4086412.422,8172832.843295836,8172891.1946928315,-0.228843941,0.5793860758924028,0.7611741429478558,0.25055801475393097,197.73019552230835,15,TRUE,CONVERGENCE: RELATIVE REDUCTION OF F <= FACTR*EPSMCH
Queretaro,2023,15996000,1413474,-0.685493342,0.2368035984955273,-0.215784792,-0.048100942,0.33503635036213736,0.4462621568847912,0.9057374913488228,0.30690426332133725,0.8674965616404101,0.8675005541216099,3.251418124343898,12.449807964557557,4.642801885457243,23.01181823787759,-10103925.1,20207858.19049169,20207916.541888688,-0.614993681,1.5543792506448217,1.246747468673918,0.6248847517090792,168.3830680847168,12,TRUE,CONVERGENCE: RELATIVE REDUCTION OF F <= FACTR*EPSMCH
Acapulco,2023,15996000,1018976,-0.247989652,0.27483253974699784,-0.507467259,-0.048607375,0.43831837599439616,0.37578744661489716,0.9786407070571537,0.22657258043104547,0.9480772693173294,0.9480793297346112,2.796313553812145,14.81872313680768,5.520809952239772,27.385869124510997,-4131984.102,8263976.20452904,8264034.555926035,-0.265386103,0.4922639733281713,0.7016152601876411,0.23276491642076033,178.49961686134338,14,TRUE,CONVERGENCE: RELATIVE REDUCTION OF F <= FACTR*EPSMCH
San Salvador,2023,15992001,1116052,-0.342055235,0.1864264594475191,-0.07129983,-0.059879691,0.4153103225744815,0.48218259001577884,0.9102514036146129,0.2838817004784236,0.8807802100562651,0.8807620995275945,3.212520121286315,14.261729173906398,5.3109056750480335,26.354169797239756,-9338917.955,18677843.910292894,18677902.260689765,-0.598319993,1.3864721819645651,1.1774855336540508,0.5700361369266527,154.05471634864807,11,TRUE,CONVERGENCE: RELATIVE REDUCTION OF F <= FACTR*EPSMCH
Asuncion,2023,15999999,3510511,0.15719026629609223,0.1695864519746029,-0.227985134,-0.107249964,0.5392168497662188,0.4432493158198498,0.8139065951516267,0.2569708497098161,0.8151141134446321,0.8151068692842105,2.74496124974393,7.774244967870305,2.90595127997527,14.372564686666975,-13034450.36,26068908.719260626,26068967.071657497,-0.701725417,1.6513949100690681,1.2850661111666855,0.7739182139253151,141.37011575698853,9,TRUE,CONVERGENCE: RELATIVE REDUCTION OF F <= FACTR*EPSMCH
